Ram,Weight,Ppi,SSD,HDD,Price
8,1.37,226.98300468106115,128,0,1117.5754549129524
8,1.34,127.67794013309688,0,0,1077.677731765335
8,1.86,141.21199808219862,256,0,1032.9931067029484
16,1.83,220.53462386625827,512,0,1181.4475944954545
8,1.37,226.98300468106115,256,0,1147.3100972779064
4,2.1,100.45466986113652,0,500,996.7025573340115
16,2.04,220.53462386625827,0,0,1164.410811545818
8,1.34,127.67794013309688,0,0,1103.061499223515
16,1.3,157.3505121487356,512,0,1128.544251205692
8,1.6,157.3505121487356,256,0,1062.1951541079864
4,1.86,100.45466986113652,0,500,995.1658096208996
4,1.86,141.21199808219862,0,500,981.907645733616
16,1.83,220.53462386625827,256,0,1177.5302049361828
4,2.2,141.21199808219862,256,0,1018.7966701099124
8,0.92,226.4155471693585,256,0,1111.6330976323743
8,1.37,226.98300468106115,256,0,1130.1072237406668
8,2.2,141.21199808219862,256,0,1058.894524461169
16,1.83,220.53462386625827,512,0,1193.3438384721946
8,2.2,141.21199808219862,0,1000,1018.8167121983652
8,1.22,165.6321180513006,128,0,1086.2092668762643
2,0.98,135.0942111925629,0,0,923.2535429245788
8,2.5,141.21199808219862,128,1000,1088.2315804880689
4,1.86,100.45466986113652,0,500,952.8520611153752
8,1.62,165.6321180513006,256,0,1068.3645110085204
8,1.91,141.21199808219862,256,0,1046.628456073464
4,2.3,100.45466986113652,0,1000,1001.2572388296086
8,1.35,127.67794013309688,0,0,1097.7716980635755
8,2.2,141.21199808219862,256,0,1066.0172753900065
8,1.88,141.21199808219862,512,0,1114.4140923496168
8,2.5,127.33567457123112,0,1000,1077.3501439207064
4,1.89,141.21199808219862,0,0,947.6778419617322
2,1.65,111.93520355955212,0,0,926.8865850956626
4,2.71,127.33567457123112,0,500,1006.0060439307304
16,1.2,276.053530085501,512,0,1150.8719833687696
8,1.35,127.67794013309688,0,0,1088.1314302543594
4,1.44,111.93520355955212,0,0,949.301392269684
4,2.1,100.45466986113652,0,1000,988.0922874286704
8,2.8,127.33567457123112,128,1000,1086.2092668762643
4,1.86,100.45466986113652,0,1000,1016.7289367847484
8,2.1,141.21199808219862,256,0,1075.434592391731
4,2.0,141.21199808219862,0,1000,993.914036985058
16,2.65,141.21199808219862,256,1000,1128.8114524334733
8,2.3,100.45466986113652,0,1000,1023.5123369655367
4,2.2,141.21199808219862,256,0,1050.0590684075596
12,2.77,127.33567457123112,0,1000,1088.2315804880689
8,1.37,226.98300468106115,256,0,1123.3268703392175
4,2.2,100.45466986113652,128,0,988.635767027266
8,3.2,127.33567457123112,256,1000,1114.4911042902731
4,2.3,141.21199808219862,256,0,1043.5465480609669
4,2.8,90.58340172449304,0,1000,1011.974666035778
4,0.69,224.1738090785728,0,0,974.075212901698
8,2.2,141.21199808219862,256,0,1071.015268620508
4,1.86,141.21199808219862,256,0,996.3243430044656
8,1.49,165.6321180513006,512,0,1098.1350045485635
4,2.4,100.45466986113652,0,1000,992.620357881986
8,2.13,141.21199808219862,256,0,1061.9090308798832
4,1.91,141.21199808219862,128,0,1006.0060439307304
4,2.0,100.45466986113652,256,0,1034.9204995339194
16,2.43,127.33567457123112,256,2000,1177.89960831843
4,2.0,141.21199808219862,256,0,1000.3839546462832
16,2.8,127.33567457123112,256,2000,1114.4911042902731
8,1.7,157.3505121487356,256,0,1075.434592391731
8,1.7,157.3505121487356,256,0,1037.0822624347584
8,1.4,157.3505121487356,256,0,1082.250416581751
8,1.86,141.21199808219862,256,0,1051.225262382344
16,1.8,141.21199808219862,512,0,1156.792715475193
4,1.86,100.45466986113652,0,500,1005.9354039524032
4,1.44,111.93520355955212,32,0,940.9283029786372
4,1.9,141.21199808219862,0,1000,1028.3659467741663
12,3.0,127.33567457123112,0,1000,1083.096982484206
4,1.252,200.84255993695703,128,0,1096.8576149165092
8,1.4,165.6321180513006,256,0,1083.7272366712864
8,2.2,141.21199808219862,256,0,1074.4054237880762
8,2.7,127.33567457123112,128,1000,1097.4070668482734
8,2.1,111.93520355955212,0,1000,993.914036985058
8,2.2,141.21199808219862,0,1000,1083.096982484206
8,2.2,141.21199808219862,0,2000,1022.7464909398024
8,2.02,141.21199808219862,128,1000,1072.6662495168894
4,2.2,141.21199808219862,0,1000,1024.84380327783
8,2.5,127.33567457123112,128,1000,1086.0047678274916
8,1.88,141.21199808219862,256,0,1097.5129468486723
8,0.92,226.4155471693585,512,0,1129.5425956041104
8,1.63,157.3505121487356,256,0,1073.2493415479687
4,2.2,141.21199808219862,128,0,996.4522443121996
4,2.1,100.45466986113652,0,1000,995.4446791133256
16,2.65,141.21199808219862,128,1000,1118.267988243989
8,1.83,141.21199808219862,256,0,1052.5211768465945
8,1.96,141.21199808219862,256,0,1037.0805929717412
16,2.2,141.21199808219862,128,1000,1125.4189968552816
8,1.21,165.6321180513006,256,0,1138.3485348791733
8,2.45,141.21199808219862,0,1000,1052.5211768465945
8,2.2,141.21199808219862,0,1000,1051.080229724579
16,1.49,165.6321180513006,512,0,1106.3134731790108
8,2.65,141.21199808219862,256,0,1106.1462490597744
8,1.25,157.3505121487356,256,0,1093.115363462843
8,1.5,165.6321180513006,256,0,1071.726172088419
8,2.2,141.21199808219862,0,1000,1037.2324000891178
4,2.2,141.21199808219862,256,0,1015.9709917169616
6,2.0,141.21199808219862,256,0,1033.3403292740234
12,2.62,141.21199808219862,128,1000,1110.5659536357712
8,1.91,141.21199808219862,256,0,1055.342238395318
4,2.1,141.21199808219862,0,500,983.063294843456
8,2.2,141.21199808219862,0,1000,1044.7907320733034
8,1.38,165.6321180513006,256,0,1099.575173454406
8,1.252,200.84255993695703,256,0,1117.598591917709
6,1.58,157.3505121487356,256,0,1046.628456073464
4,1.85,141.21199808219862,0,1000,1000.3598553570956
8,1.3,157.3505121487356,256,0,1105.978744833005
16,2.2,141.21199808219862,256,1000,1114.4911042902731
8,1.58,157.3505121487356,256,0,1127.5358392990297
16,1.5,141.21199808219862,256,1000,1111.6014069333294
8,1.23,276.053530085501,256,0,1120.4674904025435
8,1.37,165.6321180513006,256,0,1121.9074000897615
4,1.63,111.93520355955212,0,500,1055.758616512496
8,1.21,165.6321180513006,256,0,1137.128263483418
8,1.26,165.6321180513006,256,0,1121.906685290924
8,1.63,157.3505121487356,512,0,1096.3974208231723
8,2.16,141.21199808219862,256,1000,1100.5825930702713
4,2.0,127.33567457123112,0,1000,1031.0615277730192
8,1.7,141.21199808219862,256,0,1099.4857679947177
6,2.1,141.21199808219862,0,1000,1014.7261623643049
16,1.8,141.21199808219862,256,2000,1169.0461589827628
8,2.2,141.21199808219862,256,0,1041.9692282932576
16,2.5,127.33567457123112,512,0,1112.3120297421588
4,2.1,100.45466986113652,256,0,1008.7028365734812
4,1.86,100.45466986113652,0,500,953.2389087931672
8,1.63,157.3505121487356,0,1000,1067.506136639381
4,1.65,111.93520355955212,64,0,960.3146168052768
16,2.8,127.33567457123112,256,2000,1121.692730955445
8,2.5,127.33567457123112,256,0,1080.8592759018331
8,2.36,100.45466986113652,0,1000,1043.5449831034946
4,2.2,141.21199808219862,0,1000,1008.2583913974388
8,1.6,157.3505121487356,256,0,1076.001808886978
4,2.2,141.21199808219862,256,0,1032.470001761193
8,2.05,100.45466986113652,0,1000,1036.9151780182765
8,1.63,157.3505121487356,256,0,1087.124372398
4,1.9,100.45466986113652,0,1000,950.6417665734745
8,3.0,127.33567457123112,128,1000,1081.931097523836
4,2.2,141.21199808219862,0,1000,1018.8167121983652
4,1.32,165.6321180513006,256,0,1052.5211768465945
4,3.0,127.33567457123112,0,1000,1046.0196261867386
8,1.75,157.3505121487356,256,0,1099.308509015976
8,2.4,141.21199808219862,256,0,1074.2904151497523
4,2.1,100.45466986113652,0,500,1037.5818471540954
4,1.86,100.45466986113652,256,0,988.635767027266
8,1.25,157.3505121487356,256,0,1097.7716980635755
8,0.97,352.4651472131677,512,0,1158.3439099510642
4,2.0,141.21199808219862,0,1000,981.6202683605532
16,2.9,127.33567457123112,256,1000,1159.0859366057948
4,2.1,100.45466986113652,0,1000,1007.8119620845704
16,2.56,141.21199808219862,512,0,1110.5867681227292
8,2.62,141.21199808219862,0,0,1077.6844060703754
4,1.9,100.45466986113652,128,0,1018.6161103256786
16,2.8,127.33567457123112,256,1000,1151.989313428582
4,1.48,157.3505121487356,256,0,1096.212748563856
6,1.91,141.21199808219862,256,0,1040.3666298916728
4,1.74,157.3505121487356,256,0,1041.9692282932576
8,1.1,165.6321180513006,256,0,1115.7152970844002
8,1.56,141.21199808219862,256,0,1093.115363462843
4,2.1,100.45466986113652,0,500,1007.8119620845704
4,2.03,100.45466986113652,0,1000,997.4497588178816
4,3.0,127.33567457123112,256,0,1066.6403303650695
8,2.13,141.21199808219862,256,0,1056.586207442882
16,2.5,141.21199808219862,256,0,1095.9350991490269
4,2.1,100.45466986113652,0,1000,982.7763506006607
16,2.4,141.21199808219862,256,1000,1147.0547260182666
4,2.1,100.45466986113652,0,1000,987.1367833143674
8,2.56,141.21199808219862,128,1000,1094.2047370678033
8,3.0,127.33567457123112,256,0,1072.5492220020706
4,1.49,165.6321180513006,0,500,1060.095339424009
8,1.05,199.69207064108247,256,0,1118.267988243989
6,2.71,127.33567457123112,0,2000,1052.5211768465945
4,2.2,100.45466986113652,0,500,970.890230312988
4,2.0,100.45466986113652,0,500,1016.7923515707006
8,2.5,127.33567457123112,256,0,1080.319026073499
8,2.3,100.45466986113652,0,1000,1010.4611236292678
4,2.1,100.45466986113652,128,0,1008.2583913974388
32,4.4,119.7232157653423,512,1000,1191.257851574759
8,1.9,141.21199808219862,128,1000,1067.6292135779945
8,1.29,331.2642361026012,256,0,1128.8114524334733
16,2.02,141.21199808219862,256,2000,1093.115363462843
8,1.23,165.6321180513006,256,0,1121.9074000897615
16,1.4,316.96506044349616,512,0,1149.796125761926
8,2.0,100.45466986113652,128,0,1065.138424786698
8,1.95,141.21199808219862,256,0,1106.480418125965
16,2.77,127.33567457123112,512,0,1132.0925866649002
16,2.06,282.42399616439724,512,0,1175.7534260666516
8,2.4,141.21199808219862,256,0,1063.3572072102884
8,1.12,165.6321180513006,256,0,1087.2255357854845
8,2.8,127.33567457123112,128,1000,1096.4896292206697
16,1.42,209.8006828649808,1000,0,1192.1470624845267
4,1.3,157.3505121487356,0,0,953.6242657247662
8,1.3,165.6321180513006,256,0,1088.3216300213935
8,2.8,106.11306214269258,256,0,1052.3780128994506
8,1.62,165.6321180513006,0,1000,1070.777173269934
8,2.5,127.33567457123112,0,1000,1079.3391597686284
32,3.49,254.67134914246225,1000,0,1269.144112852859
8,1.49,165.6321180513006,512,0,1084.1452101115572
16,3.35,127.33567457123112,256,1000,1120.4674904025435
8,2.5,127.33567457123112,256,0,1092.7333190631043
16,2.65,282.42399616439724,512,1000,1149.5795582706762
4,2.1,100.45466986113652,128,0,1017.6070200274823
8,2.23,141.21199808219862,0,1000,1058.4910269399518
16,3.2,141.21199808219862,512,1000,1144.2360501250737
16,2.8,282.42399616439724,256,1000,1200.0095897837828
16,2.4,141.21199808219862,512,0,1121.835894902589
6,2.3,100.45466986113652,0,1000,1006.0060439307304
8,1.21,331.2642361026012,256,0,1155.0632725739697
8,1.2,165.6321180513006,256,0,1125.4189968552816
8,2.2,100.45466986113652,256,0,1036.7478139624736
8,2.4,141.21199808219862,0,1000,1063.3572072102884
16,2.9,127.33567457123112,256,1000,1122.4776083346524
4,2.1,141.21199808219862,0,500,983.063294843456
8,2.2,141.21199808219862,256,0,1028.3659467741663
8,1.05,199.69207064108247,512,0,1128.8114524334733
8,1.4,165.6321180513006,256,0,1081.2765077263236
8,2.8,106.11306214269258,0,1000,1035.398720988372
8,1.63,157.3505121487356,256,0,1091.3845510249091
8,1.6,157.3505121487356,256,0,1102.220830408089
16,1.62,165.6321180513006,512,0,1112.9394827810977
8,2.2,141.21199808219862,256,0,1049.374915225888
8,1.74,157.3505121487356,256,0,1077.6844060703754
8,1.2,165.6321180513006,256,0,1119.3004457928666
8,2.1,141.21199808219862,0,1000,1065.264448747927
16,4.42,127.33567457123112,256,1000,1178.1988742399806
8,2.2,141.21199808219862,256,0,1069.9393467053342
16,2.3,141.21199808219862,0,1000,1073.1341589592168
8,2.0,141.21199808219862,256,0,1062.0651995737776
8,2.69,127.33567457123112,256,500,1076.7905453702945
8,1.9,141.21199808219862,0,1000,1112.154549394652
4,2.37,100.45466986113652,0,1000,996.4497380151284
4,2.1,100.45466986113652,0,500,977.465368069266
16,3.2,141.21199808219862,256,1000,1128.8114524334733
8,1.6,157.3505121487356,256,0,1073.132994821639
8,1.6,165.6321180513006,256,0,1051.080229724579
16,2.36,141.21199808219862,256,0,1077.6844060703754
4,2.1,100.45466986113652,0,1000,994.1707765355826
4,2.2,141.21199808219862,128,1000,1032.9931067029484
32,4.7,127.33567457123112,512,1000,1224.1725462844624
8,2.5,141.21199808219862,256,0,1071.6080385838357
8,2.2,100.45466986113652,128,0,1035.398720988372
8,2.1,127.33567457123112,128,1000,1101.8720942220475
8,2.69,127.33567457123112,128,1000,1076.565826174604
8,2.56,141.21199808219862,256,0,1075.434592391731
8,1.38,158.48253022174808,256,0,1095.9350991490269
8,2.2,141.21199808219862,128,2000,1086.8202667404223
8,2.04,100.45466986113652,0,1000,1030.1710499387234
16,3.6,127.33567457123112,256,0,1198.1595204981145
4,1.49,165.6321180513006,0,500,1049.0273717104665
8,1.37,226.98300468106115,512,0,1159.6266113070396
8,2.08,141.21199808219862,0,1000,1068.3645110085204
16,4.3,127.33567457123112,256,1000,1147.0547260182666
4,1.68,100.45466986113652,0,1000,1012.6163794678414
8,1.37,158.48253022174808,512,0,1149.796125761926
4,3.0,127.33567457123112,256,0,1052.9494430257944
8,1.41,165.6321180513006,256,0,1083.096982484206
8,1.91,100.45466986113652,128,0,1007.5655737865565
16,2.9,127.33567457123112,0,1000,1094.064137183354
16,4.14,127.33567457123112,512,1000,1179.9206957067088
8,2.0,141.21199808219862,512,0,1141.335614790407
8,2.8,127.33567457123112,128,1000,1101.6097416448088
4,2.2,141.21199808219862,256,0,1007.138558866436
4,2.1,141.21199808219862,0,500,1055.758616512496
4,2.18,141.21199808219862,0,1000,1046.3245044716746
8,2.24,141.21199808219862,0,1000,1031.2386757378574
8,2.67,141.21199808219862,256,0,1065.892197199841
8,1.1,165.6321180513006,1024,0,1128.8114524334733
4,2.2,141.21199808219862,0,1000,1012.1890283901032
8,2.5,127.33567457123112,0,1000,1090.1156223342605
8,2.05,141.21199808219862,256,0,1075.5482933704386
8,1.37,226.98300468106115,512,0,1155.5699396421487
16,3.2,127.33567457123112,256,1000,1132.0925866649002
8,2.14,141.21199808219862,256,0,1057.552675900535
16,1.36,209.8006828649808,512,0,1179.9206957067088
8,2.2,100.45466986113652,0,500,1067.506136639381
12,2.3,100.45466986113652,0,1000,1054.5140618545504
8,2.8,127.33567457123112,128,1000,1097.7716980635755
8,2.2,141.21199808219862,0,1000,1058.894524461169
4,2.8,106.11306214269258,0,1000,1016.7923515707006
8,2.8,127.33567457123112,0,2000,1071.962021254348
6,2.8,106.11306214269258,128,1000,1073.132994821639
4,2.25,141.21199808219862,0,1000,1003.4684221813932
8,2.5,141.21199808219862,256,0,1069.578118136743
6,2.2,141.21199808219862,256,0,1033.6863503805127
8,3.0,141.21199808219862,256,0,1083.3075088777523
12,2.15,141.21199808219862,0,1000,1046.628456073464
8,1.95,141.21199808219862,256,0,1097.5895486507363
8,1.7,141.21199808219862,256,0,1086.0047678274916
16,2.5,141.21199808219862,256,1000,1104.7982926769505
8,2.2,141.21199808219862,0,1000,1046.6299735126338
2,2.19,100.45466986113652,16,0,926.8865850956626
8,3.0,127.33567457123112,0,1000,1105.47454208418
8,2.54,106.11306214269258,0,1000,1016.7923515707006
8,2.0,141.21199808219862,256,0,1148.7085674623
8,2.05,141.21199808219862,256,0,1058.0858947180336
8,3.2,141.21199808219862,0,1000,1114.4911042902731
8,2.5,141.21199808219862,256,0,1086.2092668762643
16,3.42,127.33567457123112,256,0,1194.2792677133784
6,2.4,141.21199808219862,0,1000,1018.8167121983652
16,1.63,141.21199808219862,512,0,1126.7217235406597
4,1.3,111.93520355955212,128,0,1020.8009042782656
16,2.9,127.33567457123112,256,1000,1163.5675345406062
6,2.8,106.11306214269258,0,1000,1045.0993742936223
8,2.2,100.45466986113652,0,2000,1028.3659467741663
8,2.5,141.21199808219862,128,1000,1111.8388427393754
4,2.2,100.45466986113652,0,1000,986.16372795187
16,1.28,165.6321180513006,256,0,1156.3884703567355
8,2.2,141.21199808219862,256,0,1092.5417481232903
8,2.3,141.21199808219862,128,1000,1068.3645110085204
4,1.86,141.21199808219862,0,1000,1012.6163794678414
8,1.1,165.6321180513006,256,0,1088.2315804880689
16,1.21,331.2642361026012,1000,0,1179.9206957067088
16,2.8,141.21199808219862,256,1000,1162.477734605277
8,2.23,141.21199808219862,256,0,1012.6163794678414
2,1.1,135.0942111925629,0,0,959.2332123898703
8,2.33,141.21199808219862,128,1000,1071.371352082809
16,1.29,331.2642361026012,1000,0,1177.89960831843
4,1.45,117.82653006268644,0,0,1010.6570100778011
8,1.95,157.3505121487356,256,0,1086.3113597896752
4,1.4,135.0942111925629,0,0,1015.9709917169616
8,1.48,157.3505121487356,256,0,1113.950771057468
4,2.79,106.11306214269258,0,1000,1035.398720988372
8,2.0,157.3505121487356,256,0,1097.315700921406
8,2.1,100.45466986113652,0,1000,1078.0175546294756
8,2.2,100.45466986113652,256,0,1046.628456073464
4,1.44,111.93520355955212,0,0,965.2314828500416
6,2.23,100.45466986113652,0,1000,1028.3659467741663
8,1.7,141.21199808219862,256,0,1093.201122675303
8,1.26,176.23257360658386,256,0,1117.2247597066485
32,2.06,282.42399616439724,1000,0,1185.3716362735458
8,2.7,127.33567457123112,256,1000,1106.480418125965
8,2.0,141.21199808219862,256,0,1082.462730886559
8,2.0,157.3505121487356,256,1000,1117.1498252707704
4,1.85,141.21199808219862,0,1000,1008.2583913974388
8,2.5,141.21199808219862,256,0,1088.2315804880689
8,1.48,157.3505121487356,256,0,1112.0757161229303
8,1.9,141.21199808219862,128,1000,1093.115363462843
8,1.84,141.21199808219862,256,0,1101.7847198171876
4,2.0,100.45466986113652,0,1000,959.2295759601168
8,2.0,141.21199808219862,256,0,1101.675394344399
4,2.2,100.45466986113652,0,500,959.1968421403332
12,2.2,141.21199808219862,0,2000,1077.6844060703754
8,2.1,141.21199808219862,0,1000,1054.924119319278
16,1.4,316.96506044349616,512,0,1162.477734605277
8,1.2,165.6321180513006,256,0,1134.0108040487776
16,2.4,141.21199808219862,256,2000,1100.4648590381796
2,1.44,111.93520355955212,0,0,960.67728080535
16,1.88,141.21199808219862,768,0,1135.8282600039752
4,1.5,135.0942111925629,0,0,990.2487052202544
8,1.9,141.21199808219862,0,1000,1047.2336016417996
16,2.06,282.42399616439724,512,0,1159.0080353983308
8,1.84,141.21199808219862,256,0,1114.8752768718732
8,2.7,127.33567457123112,128,1000,1122.6196538130814
8,2.6,141.21199808219862,256,0,1143.620667096989
16,2.4,141.21199808219862,512,0,1122.1929106334594
8,2.02,141.21199808219862,128,2000,1085.3784502608232
4,2.2,100.45466986113652,0,1000,975.0081515393676
8,2.65,141.21199808219862,0,1000,1088.2315804880689
8,2.36,100.45466986113652,0,2000,1029.8790318518322
8,1.36,157.3505121487356,256,0,1123.889064370897
4,1.86,100.45466986113652,0,500,1006.0060439307304
8,2.0,157.3505121487356,256,0,1082.6745953725876
6,2.8,106.11306214269258,128,1000,1055.342238395318
8,1.86,141.21199808219862,0,1000,1043.5465480609669
8,2.2,100.45466986113652,256,0,1018.8167121983652
8,2.04,100.45466986113652,0,2000,993.914036985058
8,2.8,127.33567457123112,128,1000,1096.4896292206697
8,2.4,141.21199808219862,128,1000,1067.1359943290622
8,2.33,141.21199808219862,256,0,1077.6844060703754
8,1.36,157.3505121487356,256,0,1144.293209314969
12,2.26,141.21199808219862,512,2000,1097.7716980635755
4,2.1,100.45466986113652,128,0,1003.0000372501504
16,3.25,127.33567457123112,256,1000,1167.1319016786897
4,2.6,106.11306214269258,128,0,1016.7923515707006
8,1.62,165.6321180513006,256,0,1074.2915658911177
4,1.91,141.21199808219862,256,0,1016.7903065600152
4,1.59,135.0942111925629,128,0,1029.091902775447
4,1.8,100.45466986113652,0,500,970.890230312988
4,1.5,111.93520355955212,0,0,963.1552837051986
8,2.4,141.21199808219862,0,1000,1071.6080385838357
8,3.35,127.33567457123112,128,1000,1105.8109595587434
4,1.85,141.21199808219862,128,0,997.5737513942136
8,2.3,141.21199808219862,128,1000,1138.7117314043296
8,1.5,157.3505121487356,256,0,1097.7716980635755
16,1.1,165.6321180513006,512,0,1144.230332408728
8,1.13,209.8006828649808,512,0,1170.8368556654154
4,1.5,165.6321180513006,128,0,1028.3659467741663
8,2.23,141.21199808219862,0,500,1119.7396851520584
8,2.0,141.21199808219862,256,0,1164.178295189486
16,1.42,209.8006828649808,512,0,1180.3200572598555
8,3.0,127.33567457123112,0,1000,1092.157501733136
16,3.0,127.33567457123112,256,1000,1134.767905456992
12,2.2,100.45466986113652,0,1000,1051.8018577413225
8,2.7,127.33567457123112,256,0,1118.267988243989
8,2.33,141.21199808219862,256,0,1063.3405177560587
4,1.91,141.21199808219862,256,0,1018.8167121983652
8,2.1,141.21199808219862,256,0,1108.997268702302
8,1.9,157.3505121487356,256,0,1081.931097523836
8,1.78,282.42399616439724,256,0,1188.100267529242
16,1.13,209.8006828649808,1000,0,1184.839720125786
4,2.2,100.45466986113652,0,1000,969.9146128184516
16,2.9,127.33567457123112,256,1000,1130.7930232161195
8,2.1,141.21199808219862,256,1000,1101.8284165624757
8,2.5,141.21199808219862,256,0,1075.434592391731
16,2.8,127.33567457123112,256,1000,1169.380197819145
8,1.1,157.3505121487356,512,0,1151.0857728676224
16,1.2,165.6321180513006,512,0,1144.121633636619
8,1.36,157.3505121487356,512,0,1140.2110098629437
4,2.2,141.21199808219862,0,500,998.9276182274936
2,1.15,135.0942111925629,0,0,969.4067896286716
8,2.67,141.21199808219862,512,0,1153.824227295402
8,1.7,209.8006828649808,512,0,1154.7549475609571
4,2.1,141.21199808219862,0,1000,1012.6163794678414
8,1.6,165.6321180513006,256,0,1064.634002126892
8,1.27,165.6321180513006,256,0,1080.8592759018331
4,2.3,141.21199808219862,256,0,1037.065566550255
4,1.65,117.82653006268644,128,0,1051.080229724579
8,1.43,157.3505121487356,256,0,1128.8781413322436
8,2.14,100.45466986113652,0,1000,1026.7037568910905
8,1.75,157.3505121487356,256,0,1107.8373090310092
16,2.0,282.42399616439724,512,0,1152.464373704442
6,1.4,267.3384360344031,0,0,1008.2583913974388
8,2.31,141.21199808219862,256,0,1123.889064370897
8,2.3,141.21199808219862,0,1000,1036.7478139624736
16,4.42,169.78089942830815,256,1000,1191.257851574759
8,2.62,141.21199808219862,128,1000,1103.0873869571883
8,2.02,141.21199808219862,256,2000,1101.6447617817453
8,1.6,157.3505121487356,256,0,1097.7716980635755
12,3.35,127.33567457123112,256,1000,1157.5963360732533
4,1.16,189.90579052433608,32,0,967.600459962282
4,1.15,135.0942111925629,0,0,957.0272405833972
8,1.4,165.6321180513006,256,0,1089.326663606744
4,1.7,157.3505121487356,128,0,1037.0822624347584
16,2.3,282.42399616439724,512,0,1177.7361428141105
16,2.5,141.21199808219862,512,0,1177.89960831843
8,3.2,127.33567457123112,256,1000,1141.0999046046684
4,2.1,100.45466986113652,0,500,982.4885806178992
16,1.1,234.50740003017813,512,0,1167.1319016786897
24,1.32,209.8006828649808,512,0,1175.1256776147382
4,2.0,141.21199808219862,256,0,1030.1710499387234
8,2.8,106.11306214269258,0,1000,1022.7464909398024
4,2.2,141.21199808219862,256,0,1059.4300009749354
8,1.36,176.23257360658386,256,0,1124.0291204162
4,2.2,141.21199808219862,128,0,983.063294843456
8,2.2,141.21199808219862,128,1000,1097.7716980635755
8,1.64,157.3505121487356,256,0,1104.7982926769505
4,2.4,100.45466986113652,0,500,1006.6418317218152
8,2.23,141.21199808219862,0,1000,1157.2957346444928
8,2.2,141.21199808219862,256,0,1091.0678521970085
16,1.25,200.84255993695703,512,0,1183.4588005983671
8,1.91,100.45466986113652,128,0,1035.398720988372
16,2.17,141.21199808219862,256,0,1156.3884703567355
8,2.31,141.21199808219862,512,0,1131.1195008159336
8,1.65,157.3505121487356,256,0,1117.9710318268071
8,2.36,141.21199808219862,128,1000,1086.2092668762643
4,1.47,135.0942111925629,0,500,1014.7261623643049
8,4.42,127.33567457123112,0,1000,1159.9202972743706
4,1.252,200.84255993695703,128,0,1087.2255357854845
8,1.25,200.84255993695703,256,0,1147.0547260182666
8,2.5,106.11306214269258,256,0,1043.6872940377548
4,2.23,141.21199808219862,0,1000,1027.4510273088076
4,1.4,135.0942111925629,128,0,1005.0907057320816
8,2.37,141.21199808219862,0,1000,1059.4300009749354
8,1.5,157.3505121487356,512,0,1065.892197199841
8,2.67,141.21199808219862,256,0,1162.048037119099
4,2.0,100.45466986113652,0,500,969.2588727638356
4,2.2,100.45466986113652,0,500,1012.6163794678414
8,2.02,141.21199808219862,0,2000,1060.7562803627764
12,3.78,127.33567457123112,0,1000,1141.335614790407
12,1.4,209.8006828649808,256,0,1150.281694560592
8,1.29,331.2642361026012,512,0,1157.5963360732533
8,1.9,141.21199808219862,0,500,1102.655047330018
8,1.1,234.50740003017813,128,0,1112.6262483824662
8,1.42,165.6321180513006,256,0,1149.4086806506764
12,2.06,282.42399616439724,128,1000,1114.4911042902731
8,1.79,111.93520355955212,128,0,1058.221121243035
8,1.78,141.21199808219862,256,0,1176.2112832660844
8,1.7,157.3505121487356,180,0,1119.373786463554
8,2.2,141.21199808219862,0,1000,1049.0273717104665
8,1.05,165.6321180513006,256,0,1139.733681987678
8,2.16,141.21199808219862,512,0,1111.6014069333294
4,2.18,100.45466986113652,0,1000,1034.9904182775483
4,1.49,165.6321180513006,128,0,1056.311104105693
4,1.89,141.21199808219862,0,0,949.261223560568
4,2.3,100.45466986113652,128,0,1031.2386757378574
8,1.75,157.3505121487356,256,0,1093.115363462843
16,2.17,141.21199808219862,512,0,1173.261216826415
16,2.06,141.21199808219862,512,0,1152.464373704442
16,1.36,176.23257360658386,512,0,1146.99912412637
16,0.91,176.23257360658386,512,0,1155.1145677789923
8,2.3,141.21199808219862,256,0,1089.5234994607797
32,1.05,165.6321180513006,512,0,1191.257851574759
8,1.99,141.21199808219862,128,1000,1118.342089766461
8,2.2,100.45466986113652,0,1000,1033.6863503805127
24,4.33,127.33567457123112,256,1000,1112.154549394652
8,1.3,125.36742798669836,180,0,1097.7716980635755
8,2.17,141.21199808219862,256,0,1077.6732819811486
8,1.48,157.3505121487356,1000,0,1144.2360501250737
8,1.4,165.6321180513006,256,0,1083.096982484206
8,2.3,141.21199808219862,256,0,1079.0103923492093
4,1.2,135.0942111925629,0,0,980.450664384234
8,1.91,100.45466986113652,256,0,1040.3650143697382
8,1.4,158.48253022174808,256,0,1135.2694739066087
4,2.1,111.93520355955212,0,500,967.600459962282
4,1.25,135.0942111925629,16,0,955.5290852218355
8,1.44,165.6321180513006,256,0,1083.096982484206
8,2.0,141.21199808219862,256,1000,1108.5440489304403
4,2.2,141.21199808219862,0,1000,1039.3925962168344
8,1.34,165.6321180513006,512,0,1116.321819034709
8,2.4,141.21199808219862,256,1000,1102.220830408089
8,1.29,165.6321180513006,128,0,1077.6844060703754
4,2.2,141.21199808219862,0,500,1043.5465480609669
8,2.18,141.21199808219862,0,1000,1070.4189639316835
16,2.2,141.21199808219862,256,2000,1108.1544019025282
16,1.95,141.21199808219862,256,0,1121.9752826912
2,1.1,135.0942111925629,0,0,947.681923677686
4,2.04,100.45466986113652,0,1000,1023.2212772652005
24,2.24,141.21199808219862,512,0,1197.1204630519403
8,2.04,141.21199808219862,256,0,1076.565826174604
16,3.0,127.33567457123112,256,1000,1129.144453074192
8,3.2,141.21199808219862,256,1000,1121.9074000897615
8,1.32,165.6321180513006,256,0,1121.9074000897615
8,1.64,157.3505121487356,256,0,1112.9965423395354
4,1.63,100.45466986113652,128,0,1051.080229724579
8,2.8,127.33567457123112,128,1000,1076.565826174604
8,2.02,157.3505121487356,256,0,1117.598591917709
4,2.2,141.21199808219862,0,1000,1065.892197199841
8,2.2,100.45466986113652,0,2000,1010.4611236292678
4,2.3,141.21199808219862,0,500,1034.717287346399
8,1.9,141.21199808219862,256,0,1120.3223524960788
16,4.42,127.33567457123112,128,1000,1198.617622657084
8,2.0,141.21199808219862,0,500,1073.2493415479687
8,2.0,282.42399616439724,256,1000,1114.4911042902731
4,1.2,165.6321180513006,32,0,988.635767027266
8,2.3,141.21199808219862,128,1000,1138.3485348791733
8,1.93,141.21199808219862,256,0,1119.7396851520584
8,2.2,141.21199808219862,256,0,1065.6930001858216
4,1.86,141.21199808219862,256,0,996.4497380151284
12,2.62,127.33567457123112,0,1000,1147.0547260182666
8,1.87,157.3505121487356,256,0,1073.132994821639
8,1.2,276.053530085501,256,0,1121.9074000897615
4,1.6,157.3505121487356,128,0,1057.6614498925237
8,1.34,276.053530085501,256,0,1101.8720942220475
8,2.4,141.21199808219862,0,1000,1065.7669623681943
4,2.0,100.45466986113652,0,500,983.063294843456
4,2.1,141.21199808219862,128,0,1053.4467797525
4,1.87,157.3505121487356,0,500,1064.1244744014546
4,2.15,141.21199808219862,0,1000,1011.188320625578
4,1.86,141.21199808219862,0,500,995.9497306919324
8,1.99,141.21199808219862,512,0,1143.0859511915423
4,2.2,141.21199808219862,128,0,1018.8167121983652
8,1.9,141.21199808219862,256,0,1099.3953872709783
16,4.42,127.33567457123112,256,1000,1187.6197639250138
8,2.65,106.11306214269258,0,1000,1027.4785970374205
8,2.63,127.33567457123112,0,1000,1113.0176383145797
4,2.0,100.45466986113652,0,500,938.7207078087174
4,1.35,165.6321180513006,0,0,951.682457139056
6,2.8,106.11306214269258,128,1000,1083.096982484206
6,1.91,141.21199808219862,128,0,1031.9265697988735
4,2.18,100.45466986113652,0,1000,1040.1887658299067
4,1.25,189.90579052433608,0,0,983.063294843456
4,2.05,141.21199808219862,128,0,1042.1280845617712
16,1.16,276.053530085501,512,0,1155.8808550535496
8,3.4,127.33567457123112,256,0,1198.1595204981145
8,2.5,141.21199808219862,128,1000,1070.777173269934
8,1.21,331.2642361026012,128,0,1135.2694739066087
4,1.93,100.45466986113652,0,500,1084.1452101115572
8,2.2,100.45466986113652,0,1000,1058.0858947180336
4,2.2,141.21199808219862,0,500,981.6202683605532
4,2.02,111.93520355955212,0,500,1087.3265969360768
8,3.14,106.11306214269258,0,500,1150.4424909404815
8,1.94,111.93520355955212,0,2000,993.914036985058
6,1.95,141.21199808219862,256,0,1045.0993742936223
8,2.3,141.21199808219862,256,0,1069.6986727022777
4,2.05,141.21199808219862,0,500,1050.497986449436
4,1.4,157.3505121487356,32,0,949.301392269684
16,1.24,157.3505121487356,512,0,1150.657735831005
32,4.6,127.33567457123112,256,1000,1186.2769612046066
16,4.14,127.33567457123112,512,1000,1188.7251546940472
8,2.2,141.21199808219862,256,0,1059.4313360795072
4,1.45,157.3505121487356,32,0,993.914036985058
8,1.9,100.45466986113652,0,500,1089.1800214862578
4,1.49,165.6321180513006,128,0,1055.342238395318
16,1.93,141.21199808219862,256,0,1131.340247863791
4,1.26,135.0942111925629,0,0,966.2536382571952
16,4.5,127.33567457123112,128,1000,1173.7306010891048
16,3.78,127.33567457123112,256,1000,1128.74471903093
12,1.4,157.3505121487356,256,0,1139.7934727218958
12,2.2,100.45466986113652,0,1000,1038.737929394203
8,2.73,127.33567457123112,128,1000,1145.429585180001
8,2.2,100.45466986113652,0,1000,1058.0858947180336
12,2.2,141.21199808219862,512,0,1083.096982484206
4,1.39,135.0942111925629,128,0,1037.747822295932
16,2.5,141.21199808219862,128,1000,1141.335614790407
4,2.8,127.33567457123112,0,500,1024.654945809043
8,2.29,100.45466986113652,0,1000,1010.4611236292678
8,1.37,165.6321180513006,512,0,1158.8886005772772
8,1.7,157.3505121487356,256,0,1127.1296098981416
8,1.34,176.23257360658386,256,0,1139.6139931642938
8,2.06,141.21199808219862,256,0,1145.0333208630004
8,1.84,141.21199808219862,256,0,1108.1347155713406
4,2.1,100.45466986113652,0,500,1048.0567504600335
4,1.6,157.3505121487356,0,0,977.1618776997504
16,4.14,127.33567457123112,128,1000,1167.1319016786897
4,2.18,100.45466986113652,0,1000,1011.759843181949
16,1.8,282.42399616439724,256,2000,1171.5790550995316
8,2.2,141.21199808219862,256,0,1121.9074000897615
6,2.4,141.21199808219862,0,1000,1031.0615277730192
8,2.0,141.21199808219862,256,0,1114.4911042902731
4,1.6,111.93520355955212,0,0,983.063294843456
32,2.5,282.42399616439724,1000,0,1247.234740787071
16,2.59,141.21199808219862,0,1000,1075.4357300416875
4,2.18,100.45466986113652,0,1000,1007.1160338072124
4,2.25,100.45466986113652,0,1000,985.8883414720412
4,1.93,100.45466986113652,0,500,1074.2904151497523
8,3.0,127.33567457123112,128,1000,1103.8609189620306
4,2.18,141.21199808219862,128,0,1031.9441460358464
8,1.84,141.21199808219862,512,0,1121.1900368986476
16,2.94,141.21199808219862,256,1000,1170.2152960779438
4,1.25,135.0942111925629,0,0,991.309723131456
8,2.31,111.93520355955212,256,0,1100.021005668577
8,1.65,157.3505121487356,256,0,1126.51715476833
4,2.2,141.21199808219862,0,1000,1062.9713546415353
8,2.2,100.45466986113652,256,0,1065.892197199841
4,1.88,100.45466986113652,0,500,1081.2893840917725
8,2.2,141.21199808219862,0,1000,1077.6844060703754
2,1.4,157.3505121487356,0,0,945.2024578163644
4,2.2,141.21199808219862,128,0,1012.402932214978
6,1.5,165.6321180513006,0,1000,1043.5481129939485
8,2.0,141.21199808219862,256,0,1148.2152806302977
16,1.1,157.3505121487356,512,0,1152.517019138667
16,2.62,141.21199808219862,256,1000,1127.4682488942933
4,1.8,141.21199808219862,256,0,1069.578118136743
4,2.2,141.21199808219862,0,1000,1033.6863503805127
8,2.0,100.45466986113652,0,1000,996.4522443121996
8,1.99,141.21199808219862,0,1000,1078.5284424941176
8,1.23,276.053530085501,256,0,1150.8719833687696
2,1.42,111.93520355955212,0,0,949.301392269684
8,1.37,165.6321180513006,256,0,1144.716312967751
16,2.06,282.42399616439724,1000,0,1175.836828907183
8,2.5,141.21199808219862,128,1000,1098.67750135825
8,2.6,107.98564559226952,0,1000,1023.111911098328
16,1.14,157.3505121487356,512,0,1177.940432977091
8,2.5,141.21199808219862,0,1000,1103.9464987704202
4,2.4,100.45466986113652,0,500,1008.48086089965
4,1.43,111.93520355955212,0,0,958.8689132620204
8,1.8,157.3505121487356,256,0,1079.884714858782
16,1.95,157.3505121487356,256,0,1183.8443060873624
8,1.2,165.6321180513006,256,0,1107.6412935176186
8,1.36,176.23257360658386,256,0,1134.3269598606505
32,3.8,127.33567457123112,512,0,1191.257851574759
8,2.4,141.21199808219862,0,1000,1053.941655276426
8,1.2,165.6321180513006,256,0,1125.4810893751282
8,2.2,141.21199808219862,128,1000,1105.878107454501
4,1.86,100.45466986113652,0,500,987.5184369674536
8,2.0,141.21199808219862,0,500,1094.5351696133723
8,2.2,141.21199808219862,256,0,1079.884714858782
16,2.2,141.21199808219862,256,2000,1100.9948956147634
8,3.31,141.21199808219862,128,1000,1106.229896074271
32,4.42,254.67134914246225,512,1000,1202.9883488676533
8,1.56,157.3505121487356,256,0,1108.951713579817
4,2.2,100.45466986113652,0,500,1001.3431946154273
4,2.2,141.21199808219862,0,500,1025.782777312814
6,2.04,141.21199808219862,0,1000,1026.527659714113
8,2.7,127.33567457123112,128,1000,1127.9922286889112
4,2.1,100.45466986113652,128,0,1018.6161103256786
8,2.06,141.21199808219862,0,1000,1083.7272366712864
8,2.1,141.21199808219862,0,1000,1058.894524461169
8,2.0,141.21199808219862,256,0,1111.283946349252
4,2.1,100.45466986113652,128,0,999.658437558166
8,1.252,200.84255993695703,256,0,1150.8104342010856
8,1.9,141.21199808219862,128,1000,1068.236223627231
8,1.3,165.6321180513006,256,0,1091.6751081300508
4,2.2,100.45466986113652,128,0,983.063294843456
4,1.63,157.3505121487356,128,0,1052.5211768465945
16,2.4,141.21199808219862,256,1000,1114.105450129298
8,1.1,157.3505121487356,256,0,1100.9948956147634
8,1.4,135.0942111925629,0,0,1018.0118788800823
8,1.09,141.21199808219862,512,0,1171.5790550995316
16,2.5,141.21199808219862,256,0,1114.4911042902731
8,2.2,141.21199808219862,256,0,1088.1214097122402
4,1.86,100.45466986113652,128,0,1001.3431946154273
16,3.21,141.21199808219862,128,1000,1160.1643784304515
4,2.5,127.33567457123112,256,0,1052.5211768465945
8,1.19,165.6321180513006,512,0,1128.8114524334733
16,3.49,141.21199808219862,256,1000,1191.7834418453076
4,1.86,100.45466986113652,0,500,1039.3289544363067
4,2.2,100.45466986113652,0,1000,1027.7575423651992
6,2.65,127.33567457123112,0,2000,1031.9441460358464
4,2.1,100.45466986113652,0,500,973.7612409012312
4,1.45,111.93520355955212,0,0,990.2487052202544
4,1.7,157.3505121487356,256,0,1052.5211768465945
8,3.14,127.33567457123112,0,500,1152.9366637136484
8,1.42,209.8006828649808,256,0,1183.4974180925717
8,1.5,165.6321180513006,256,0,1085.594510841814
4,1.4,135.0942111925629,0,0,957.0272405833972
16,1.38,157.3505121487356,512,0,1144.2360501250737
4,1.2,176.23257360658386,0,0,1048.134508636036
16,1.36,165.6321180513006,512,0,1151.2991062818642
4,2.1,141.21199808219862,0,500,1051.080229724579
8,2.56,141.21199808219862,0,1000,1068.3645110085204
4,2.2,141.21199808219862,256,0,996.4522443121996
8,2.2,100.45466986113652,0,1000,1003.701794516015
4,2.1,141.21199808219862,0,2000,1040.761648342365
4,1.9,100.45466986113652,0,500,1008.48086089965
8,2.18,141.21199808219862,256,0,1065.3903140886464
8,1.6,165.6321180513006,256,0,1088.2315804880689
16,2.18,141.21199808219862,512,0,1150.1201001273669
8,1.8,157.3505121487356,256,0,1105.8109595587434
6,2.71,127.33567457123112,0,2000,1046.0211528926416
8,2.5,141.21199808219862,128,1000,1110.5659536357712
8,1.64,157.3505121487356,256,0,1096.8576149165092
8,1.98,141.21199808219862,0,1000,1056.311104105693
4,1.5,157.3505121487356,0,0,967.2654512737536
16,1.93,141.21199808219862,512,0,1123.865235323175
8,1.87,157.3505121487356,256,0,1072.9080621774308
8,1.9,141.21199808219862,256,0,1104.7982926769505
4,2.19,100.45466986113652,0,500,967.2654512737536
4,1.4,161.72539083525606,0,32,955.5290852218355
8,2.63,127.33567457123112,256,0,1106.5637862008225
8,1.17,209.8006828649808,512,0,1140.6054689443872
8,1.58,117.82653006268644,256,0,1070.4907085240231
8,1.32,157.3505121487356,256,0,1128.8114524334733
32,4.36,254.67134914246225,1000,1000,1218.06155047626
8,2.7,127.33567457123112,128,1000,1118.2294337407902
4,1.9,100.45466986113652,0,1000,1016.9762314876662
8,2.2,141.21199808219862,128,1000,1055.342238395318
4,1.71,165.6321180513006,0,1000,1045.0993742936223
8,2.32,100.45466986113652,0,1000,1035.4869672690877
4,2.1,141.21199808219862,0,1000,1016.7923515707006
16,4.2,127.33567457123112,128,1000,1154.3423631696014
12,2.25,100.45466986113652,0,1000,1045.0993742936223
6,2.1,141.21199808219862,128,1000,1045.2533389121816
4,2.4,100.45466986113652,0,500,1030.1710499387234
8,1.44,165.6321180513006,256,0,1084.2494310694017
4,1.85,141.21199808219862,0,1000,1063.3572072102884
16,2.6,141.21199808219862,256,0,1176.667053684216
8,1.55,165.6321180513006,0,1000,1046.628456073464
16,1.8,141.21199808219862,256,1000,1162.26216177553
4,2.4,100.45466986113652,0,500,999.3667504286536
8,2.0,141.21199808219862,128,1000,1107.1454247329664
8,2.0,100.45466986113652,256,0,1047.5348066887989
8,1.25,157.3505121487356,256,0,1131.1846686253432
8,1.7,157.3505121487356,256,0,1088.2315804880689
16,2.5,282.42399616439724,1000,0,1207.6935697460715
2,1.68,111.93520355955212,0,0,977.465368069266
16,0.81,165.6321180513006,256,0,1138.3485348791733
8,1.86,141.21199808219862,256,0,1026.527659714113
8,1.6,111.93520355955212,256,0,1100.2618186839925
16,3.0,127.33567457123112,256,0,1236.241771592037
4,1.4,135.0942111925629,128,0,1013.8875830266776
8,1.84,141.21199808219862,256,0,1152.517019138667
4,2.45,100.45466986113652,0,1000,1033.6863503805127
4,1.7,157.3505121487356,180,0,1097.4983493740094
4,2.37,100.45466986113652,256,0,1072.0679721736713
8,1.3,276.053530085501,256,0,1106.480418125965
8,2.2,141.21199808219862,128,1000,1097.7716980635755
8,2.59,141.21199808219862,256,0,1132.8642946747566
16,4.42,282.42399616439724,256,1000,1193.7276356672394
4,2.1,100.45466986113652,256,0,1037.0822624347584
8,2.5,141.21199808219862,128,1000,1093.019989111312
16,1.18,176.23257360658386,256,0,1150.3355013953576
8,1.1,234.50740003017813,256,0,1132.736089528991
8,1.2,276.053530085501,256,0,1100.4648590381796
4,1.65,117.82653006268644,0,500,1071.962021254348
4,1.6,117.82653006268644,128,0,1046.0196261867386
4,2.8,90.58340172449304,0,1000,1012.901686366082
16,2.72,282.42399616439724,128,1000,1097.7716980635755
8,1.31,165.6321180513006,256,0,1135.2694739066087
4,2.1,100.45466986113652,0,1000,967.2654512737536
16,2.3,141.21199808219862,256,0,1104.9906436113686
16,1.71,146.86047800548656,256,0,1147.0547260182666
4,1.75,111.93520355955212,128,0,1090.311893251045
8,2.62,141.21199808219862,0,1000,1097.7716980635755
4,1.26,125.36742798669836,256,0,1110.1648299531255
12,2.3,141.21199808219862,0,2000,1070.777173269934
16,2.5,282.42399616439724,512,0,1174.620626036131
4,1.8,157.3505121487356,128,0,1043.0759589572256
16,1.95,157.3505121487356,512,0,1194.7682155153789
8,2.0,141.21199808219862,128,0,1034.185963789476
32,4.42,127.33567457123112,1000,1000,1216.113418999808
16,4.3,127.33567457123112,256,1000,1173.7731633370338
16,1.47,157.3505121487356,512,0,1145.090026279887
8,2.2,100.45466986113652,0,1000,977.1618776997504
16,1.7,157.3505121487356,512,0,1171.5790550995316
16,1.6,157.3505121487356,256,1000,1152.0422094890591
8,2.2,141.21199808219862,128,1000,1096.8576149165092
4,2.4,141.21199808219862,0,1000,1088.2315804880689
16,4.2,127.33567457123112,256,1000,1171.5790550995316
8,2.62,141.21199808219862,256,0,1086.8202667404223
8,2.24,141.21199808219862,128,1000,1117.5239371923303
4,1.22,157.3505121487356,0,0,928.8274273063904
8,1.37,165.6321180513006,512,0,1156.1349847964168
8,2.08,141.21199808219862,256,0,1084.1452101115572
8,0.92,226.4155471693585,0,0,1103.6037392231935
8,1.42,209.8006828649808,256,0,1172.918457279188
4,1.63,111.93520355955212,0,0,967.600459962282
8,1.95,100.45466986113652,128,0,1067.259527389862
8,1.38,158.48253022174808,256,0,1118.267988243989
8,2.0,141.21199808219862,256,0,1058.0858947180336
8,3.14,141.21199808219862,256,0,1160.8398104304565
8,2.37,141.21199808219862,256,0,1097.7716980635755
8,1.29,165.6321180513006,256,0,1128.8114524334733
8,2.06,282.42399616439724,256,0,1144.2360501250737
4,1.63,135.0942111925629,128,0,1058.760206106523
8,1.26,125.36742798669836,256,0,1121.1900368986476
4,2.1,100.45466986113652,0,500,1063.4854945915772
8,2.04,100.45466986113652,0,2000,1041.9692282932576
16,2.62,282.42399616439724,512,0,1140.1514683309674
4,2.4,141.21199808219862,0,1000,1038.737929394203
12,3.74,127.33567457123112,0,1000,1144.2360501250737
16,2.9,127.33567457123112,512,1000,1176.5015592318807
8,0.81,165.6321180513006,256,0,1128.8114524334733
8,1.98,141.21199808219862,0,1000,1084.3535435202425
8,2.18,141.21199808219862,256,0,1064.7353436437802
8,1.32,157.3505121487356,256,0,1150.3355013953576
16,1.29,352.4651472131677,512,0,1147.0547260182666
4,1.23,135.0942111925629,0,0,992.8804360519916
16,4.36,127.33567457123112,128,1000,1180.1613023751163
4,1.76,111.93520355955212,0,500,1060.227877548116
4,2.1,100.45466986113652,0,500,1016.9762314876662
4,1.25,111.93520355955212,128,0,1096.9494001455323
8,1.13,157.3505121487356,512,0,1179.9206957067088
8,2.4,141.21199808219862,256,0,1106.480418125965
8,1.13,157.3505121487356,0,0,1151.1924964636644
4,1.75,111.93520355955212,128,0,1018.8167121983652
8,1.1,165.6321180513006,256,0,1118.9329334350775
4,1.76,111.93520355955212,0,500,1034.717287346399
4,1.35,135.0942111925629,0,0,984.767881570755
8,1.5,157.3505121487356,128,0,1040.3666298916728
32,3.49,254.67134914246225,512,0,1258.7882562739946
16,1.1,209.8006828649808,512,0,1162.477734605277
4,2.1,141.21199808219862,0,1000,1022.7464909398024
8,1.7,157.3505121487356,256,0,1105.3902605789806
8,1.32,157.3505121487356,256,0,1138.409159312676
16,3.21,141.21199808219862,256,1000,1190.3833710189656
16,2.9,127.33567457123112,256,1000,1176.667053684216
4,2.0,100.45466986113652,0,500,1048.134508636036
4,1.5,111.93520355955212,0,0,975.9386208561872
8,2.3,141.21199808219862,0,128,1035.56835631319
16,2.73,127.33567457123112,512,1000,1147.0547260182666
32,4.42,127.33567457123112,512,1000,1200.59347920825
8,2.63,106.11306214269258,0,1000,1078.900562574303
8,2.18,100.45466986113652,128,0,1054.6429982871398
8,1.54,157.3505121487356,512,0,1150.9254736080766
4,2.18,141.21199808219862,256,0,1058.0858947180336
4,1.4,135.0942111925629,0,0,1039.718329403865
8,1.45,165.6321180513006,512,0,1090.8984051962848
8,1.28,165.6321180513006,256,0,1170.6175092295873
8,1.54,157.3505121487356,512,0,1126.7217235406597
4,1.86,100.45466986113652,128,0,967.600459962282
16,2.1,141.21199808219862,128,1000,1152.464373704442
8,2.83,127.33567457123112,0,1000,1073.829053316401
8,1.96,157.3505121487356,256,0,1152.6747893528284
8,2.3,141.21199808219862,256,0,1064.3789274649537
8,1.9,141.21199808219862,128,0,1082.6745953725876
4,2.0,100.45466986113652,0,1000,1008.2583913974388
8,1.28,165.6321180513006,256,0,1182.2932862391924
8,1.62,165.6321180513006,0,1000,1045.0993742936223
4,2.2,141.21199808219862,0,1000,1012.6163794678414
8,2.3,141.21199808219862,0,1000,1072.15735450074
8,1.84,141.21199808219862,256,0,1118.267988243989
4,1.05,165.6321180513006,128,0,1113.4075023561454
8,2.5,141.21199808219862,0,1000,1090.0173422280695
16,1.29,276.053530085501,512,0,1168.979217108122
4,2.07,141.21199808219862,0,500,1078.900562574303
8,1.2,117.82653006268644,256,0,1097.4070668482734
8,1.37,165.6321180513006,256,0,1155.1145677789923
8,1.56,157.3505121487356,256,0,1078.0175546294756
8,2.23,141.21199808219862,0,1000,1145.8805442305984
4,2.38,100.45466986113652,0,500,1093.68570721423
4,2.2,141.21199808219862,0,1000,1014.7261623643049
8,2.0,141.21199808219862,256,0,1121.1180167298885
4,1.44,165.6321180513006,180,0,1057.5431525444972
16,1.23,146.86047800548656,256,0,1149.796125761926
8,1.6,176.23257360658386,256,0,1140.804483414925
4,2.0,100.45466986113652,0,1000,996.4497380151284
8,1.28,165.6321180513006,256,0,1081.610755552082
4,2.18,141.21199808219862,128,1000,1079.174911168878
4,2.04,141.21199808219862,256,0,1070.777173269934
4,1.28,165.6321180513006,256,0,1141.394455627644
4,2.3,100.45466986113652,0,500,1050.4687851059666
4,1.65,111.1413368676404,0,0,982.7763506006607
8,2.2,141.21199808219862,0,1000,1048.134508636036
4,2.2,100.45466986113652,0,500,988.635767027266
4,1.28,165.6321180513006,256,0,1147.0547260182666
4,2.18,100.45466986113652,0,1000,1009.739572450197
12,2.2,127.33567457123112,128,1000,1119.805404968948
4,1.25,135.0942111925629,0,0,966.9293165034832
4,2.8,106.11306214269258,0,500,991.309723131456
4,1.95,157.3505121487356,128,0,1111.8388427393754
16,1.42,276.053530085501,256,0,1121.9074000897615
8,1.17,146.86047800548656,256,0,1141.335614790407
8,1.32,157.3505121487356,256,0,1147.0547260182666
16,2.43,254.67134914246225,512,2000,1185.7498515504203
8,1.05,165.6321180513006,256,0,1127.1974295006053
8,2.62,141.21199808219862,0,1000,1080.9669765045974
8,2.04,141.21199808219862,0,1000,1077.7955789556445
4,2.18,100.45466986113652,0,1000,1039.5555954379276
8,1.9,141.21199808219862,0,500,1081.610755552082
8,1.24,276.053530085501,512,0,1158.2992127736916
32,3.58,127.33567457123112,512,0,1112.9394827810977
16,1.22,165.6321180513006,256,0,1138.3485348791733
8,1.13,157.3505121487356,0,0,1160.0668174471034
8,1.95,141.21199808219862,512,0,1155.7785126252113
16,1.08,141.21199808219862,512,0,1162.477734605277
8,1.26,176.23257360658386,512,0,1127.7383368370065
4,2.2,141.21199808219862,0,0,985.8883414720412
8,2.6,141.21199808219862,128,1000,1064.6327347078009
8,0.98,157.3505121487356,512,0,1152.464373704442
8,1.6,157.3505121487356,256,0,1106.979587215689
8,1.09,352.4651472131677,240,0,1201.471841670537
6,2.2,141.21199808219862,256,0,1064.6327347078009
8,2.04,141.21199808219862,256,0,1090.2128245864017
4,2.4,141.21199808219862,0,1000,1018.8167121983652
4,1.44,165.6321180513006,128,0,1075.6618652168313
8,1.49,165.6321180513006,256,0,1084.2494310694017
16,2.7,127.33567457123112,256,1000,1135.2694739066087
16,2.6,141.21199808219862,128,1000,1118.267988243989
8,2.2,141.21199808219862,128,1000,1099.6564630149608
4,2.18,100.45466986113652,0,1000,1050.4965265847654
8,1.84,141.21199808219862,256,0,1114.3362500418625
8,1.39,276.053530085501,256,0,1102.220830408089
16,2.4,141.21199808219862,256,0,1156.3884703567355
8,1.37,165.6321180513006,512,0,1148.4896292248725
4,1.95,100.45466986113652,0,500,1056.846856468972
8,1.36,176.23257360658386,256,0,1138.409159312676
8,2.31,141.21199808219862,256,0,1103.6037392231935
4,2.18,100.45466986113652,0,1000,1053.808986209785
4,1.95,111.93520355955212,0,500,1102.220830408089
4,2.2,100.45466986113652,0,1000,970.890230312988
4,1.26,176.23257360658386,0,500,1134.0108040487776
4,1.86,100.45466986113652,0,1000,964.1641633704324
16,1.3,276.053530085501,1000,0,1147.0547260182666
4,1.47,157.3505121487356,128,0,1098.316164018399
8,1.26,176.23257360658386,256,0,1139.5540949893968
4,2.18,100.45466986113652,0,1000,1030.099467974321
8,2.2,141.21199808219862,128,1000,1106.480418125965
8,1.36,157.3505121487356,256,0,1137.7402604975964
16,4.36,169.78089942830815,512,1000,1189.782208458538
8,2.75,127.33567457123112,128,1000,1121.9074000897615
4,2.8,106.11306214269258,0,1000,1024.84380327783
4,2.23,100.45466986113652,0,500,1040.3666298916728
8,2.2,100.45466986113652,256,0,1099.575173454406
8,1.1,194.94753717542463,256,0,1114.4911042902731
16,2.5,141.21199808219862,512,1000,1088.2315804880689
8,1.36,176.23257360658386,256,0,1127.007418585674
8,2.2,141.21199808219862,0,1000,1050.497986449436
4,2.36,106.11306214269258,0,1000,1046.628456073464
4,1.68,111.93520355955212,0,0,983.063294843456
8,2.0,141.21199808219862,8,0,1169.380197819145
8,1.36,157.3505121487356,256,0,1145.711672814165
8,1.2,165.6321180513006,256,0,1126.1752740934517
8,1.2,176.23257360658386,0,0,1103.0873869571883
8,1.7,157.3505121487356,256,0,1128.1414342976868
16,4.36,254.67134914246225,512,1000,1203.1987793755118
8,1.24,165.6321180513006,256,0,1152.464373704442
4,1.45,135.0942111925629,256,0,1062.842405558548
8,1.3,276.053530085501,256,0,1112.0757161229303
4,1.25,135.0942111925629,0,0,993.914036985058
8,1.2,165.6321180513006,256,0,1131.1846686253432
8,1.36,176.23257360658386,256,0,1144.863011426433
12,2.4,141.21199808219862,128,1000,1089.227604658574
8,1.1,176.23257360658386,512,0,1146.5531925066934
8,2.04,100.45466986113652,0,1000,1071.6671227805325
4,2.25,100.45466986113652,0,1000,1011.8930877053268
4,1.9,100.45466986113652,0,500,1069.0944412566814
4,2.04,141.21199808219862,0,500,1050.497986449436
32,4.42,127.33567457123112,256,1000,1203.0401247333157
6,2.4,141.21199808219862,256,0,1051.947287179693
16,1.22,276.053530085501,512,0,1152.464373704442
8,1.5,209.8006828649808,256,0,1155.778003196968
32,4.42,127.33567457123112,256,1000,1191.293572239543
8,1.95,157.3505121487356,256,0,1104.8830743691844
16,2.73,127.33567457123112,256,1000,1160.1107316686976
8,2.04,141.21199808219862,128,1000,1086.2092668762643
4,1.7,111.93520355955212,0,0,1088.5314307876945
16,2.3,282.42399616439724,512,2000,1147.0547260182666
6,2.04,100.45466986113652,0,1000,1033.6863503805127
16,2.99,127.33567457123112,256,1000,1144.2360501250737
12,2.19,141.21199808219862,512,0,1114.4911042902731
4,1.2,165.6321180513006,128,0,1106.1462490597744
6,2.2,141.21199808219862,256,0,1028.3659467741663
4,2.3,100.45466986113652,256,0,1045.0993742936223
4,1.75,111.93520355955212,0,500,1079.4485091507656
4,2.25,100.45466986113652,0,500,1037.0822624347584
8,2.04,141.21199808219862,0,1000,1066.7644768738764
8,2.5,141.21199808219862,128,1000,1105.6428922922914
8,2.36,100.45466986113652,0,1000,1059.4300009749354
8,1.6,157.3505121487356,128,0,1099.575173454406
8,0.97,176.23257360658386,512,0,1152.9371878240363
4,2.1,141.21199808219862,128,1000,1018.8167121983652
4,1.9,100.45466986113652,128,0,957.6276649067632
8,2.3,141.21199808219862,256,0,1118.267988243989
8,1.68,165.6321180513006,256,0,1076.565826174604
8,1.4,276.053530085501,256,0,1102.307824758943
8,1.11,165.6321180513006,256,0,1118.267988243989
4,2.4,100.45466986113652,0,500,991.5732278952564
16,2.5,141.21199808219862,256,1000,1147.0547260182666
8,1.48,157.3505121487356,512,0,1162.00017877887
8,2.7,141.21199808219862,128,1000,1111.4428026177657
8,1.34,165.6321180513006,256,0,1105.6428922922914
4,2.18,100.45466986113652,128,0,1028.0009828654115
4,1.64,111.93520355955212,0,500,1063.3572072102884
4,1.2,165.6321180513006,128,0,1106.1462490597744
4,1.48,111.93520355955212,256,0,1097.8617394068183
4,1.95,157.3505121487356,256,0,1106.979587215689
8,1.43,157.3505121487356,256,0,1125.4189968552816
8,1.64,157.3505121487356,256,0,1093.1401459017525
4,1.64,111.93520355955212,0,500,1050.3518943854683
8,2.65,141.21199808219862,0,0,1083.096982484206
4,1.26,176.23257360658386,0,500,1131.4449160071013
4,1.48,157.3505121487356,256,0,1134.705032144641
8,1.54,157.3505121487356,256,0,1151.8415853167007
4,1.49,117.82653006268644,0,500,1066.0172753900065
8,1.5,117.82653006268644,256,0,1107.393666482292
4,2.04,100.45466986113652,256,0,1062.1938553982543
16,2.4,254.67134914246225,512,0,1197.1204630519403
8,1.47,157.3505121487356,256,0,1128.209242517164
8,1.43,157.3505121487356,256,0,1168.4869359618
4,2.08,141.21199808219862,0,1000,1065.5147649183532
8,1.2,165.6321180513006,256,0,1134.705032144641
8,1.11,165.6321180513006,256,0,1102.220830408089
8,1.64,157.3505121487356,256,0,1105.342188317857
8,2.09,141.21199808219862,0,500,1092.8710232504154
4,1.26,125.36742798669836,256,0,1132.736089528991
4,2.31,111.93520355955212,0,500,1105.6428922922914
4,1.95,111.93520355955212,0,500,1094.1585213338249
8,1.29,276.053530085501,256,0,1136.8208546953756
8,2.63,127.33567457123112,256,0,1096.02773463504
4,1.64,111.93520355955212,256,0,1085.594510841814
6,2.1,100.45466986113652,0,1000,998.9276182274936
8,2.7,127.33567457123112,128,1000,1105.878107454501
8,1.95,157.3505121487356,256,0,1106.1462490597744
8,1.84,141.21199808219862,256,0,1108.9508999068564
8,1.26,176.23257360658386,256,0,1118.267988243989
4,2.04,100.45466986113652,0,500,1058.4910269399518
8,1.47,157.3505121487356,256,0,1142.854335569759
8,2.09,141.21199808219862,256,0,1094.4364366779205
8,1.64,157.3505121487356,256,0,1089.3771459117888
4,1.8,141.21199808219862,256,0,1071.726172088419
2,1.45,111.93520355955212,0,0,932.6470842899342
16,2.4,141.21199808219862,256,0,1123.7488118934884
8,2.3,141.21199808219862,256,0,1093.172544442196
4,1.54,157.3505121487356,0,500,1088.331630521427
8,1.84,141.21199808219862,256,500,1162.684286266637
8,1.43,157.3505121487356,256,0,1126.789820240601
16,3.78,127.33567457123112,256,1000,1131.8754369272692
16,4.6,127.33567457123112,128,1000,1171.1863755958657
4,1.2,135.0942111925629,0,0,963.8174223850264
16,1.1,209.8006828649808,256,0,1184.6490622987276
8,1.91,141.21199808219862,0,1000,1086.2092668762643
8,2.3,141.21199808219862,256,0,1097.315700921406
4,2.04,100.45466986113652,256,0,1086.2092668762643
16,1.2,276.053530085501,1000,0,1169.6022720831857
4,2.31,100.45466986113652,0,500,1053.3971572370383
4,1.96,100.45466986113652,0,500,1018.8167121983652
8,2.4,100.45466986113652,0,1000,1008.2583913974388
12,1.6,165.6321180513006,256,0,1114.4911042902731
16,2.94,141.21199808219862,256,1000,1148.1603204750256
8,2.04,141.21199808219862,256,0,1095.0974953688085
16,4.0,127.33567457123112,0,1000,1088.1314302543594
4,2.25,141.21199808219862,0,1000,1030.1710499387234
16,2.32,141.21199808219862,0,2000,1087.3255868299652
16,1.8,141.21199808219862,256,1000,1154.0318039137862
8,1.29,165.6321180513006,256,0,1126.0381938800735
64,3.58,127.33567457123112,1000,0,1226.3341053320569
8,1.62,165.6321180513006,256,0,1065.768215493175
16,3.21,282.42399616439724,256,1000,1116.7743084945378
8,0.92,226.4155471693585,0,0,1114.5680569681765
4,2.06,100.45466986113652,0,500,1015.346364564591
4,2.31,100.45466986113652,0,500,1106.480418125965
8,1.26,176.23257360658386,256,0,1106.480418125965
8,1.49,165.6321180513006,256,0,1096.9494001455323
8,1.3,176.23257360658386,256,0,1142.1848531521596
8,3.0,106.11306214269258,0,1000,1046.628456073464
4,2.3,141.21199808219862,0,1000,1086.0047678274916
16,3.78,127.33567457123112,256,1000,1179.9206957067088
4,2.1,100.45466986113652,0,500,1026.7130165790452
4,2.31,141.21199808219862,0,500,1082.1440901496185
8,0.99,234.9767648087785,512,0,1121.9074000897615
32,4.6,127.33567457123112,512,0,1205.8889635018509
4,0.69,224.1738090785728,0,0,1044.6778399351529
16,1.3,331.2642361026012,512,0,1160.0668174471034
8,2.18,141.21199808219862,256,0,1059.563423276249
4,1.54,157.3505121487356,0,500,1091.3835810881008
8,1.9,141.21199808219862,256,0,1128.544251205692
8,1.7,157.3505121487356,180,0,1106.480418125965
4,1.29,276.053530085501,0,0,1039.718329403865
4,2.4,100.45466986113652,0,500,993.3985719261916
4,2.2,100.45466986113652,0,500,995.0616680806068
4,1.86,100.45466986113652,0,1000,982.197089913809
8,2.7,127.33567457123112,256,1000,1135.2694739066087
4,1.4,165.6321180513006,256,0,1068.2851144184026
4,2.4,125.36742798669836,128,0,1135.2694739066087
8,2.4,141.21199808219862,256,1000,1065.892197199841
8,2.36,141.21199808219862,0,1000,1043.5152442572992
8,2.6,127.33567457123112,256,0,1135.2694739066087
4,1.96,100.45466986113652,0,1000,1019.0169124654324
16,4.3,127.33567457123112,128,1000,1171.5790550995316
4,1.5,125.36742798669836,0,500,1101.0081106005766
4,1.5,125.36742798669836,128,0,1103.772695124739
4,2.2,100.45466986113652,16,0,931.7895278196944
8,3.0,127.33567457123112,0,1000,1194.7682155153789
16,2.4,141.21199808219862,512,0,1106.480418125965
8,1.5,125.36742798669836,256,0,1122.9102177820837
8,2.9,127.33567457123112,128,1000,1129.621372513973
4,2.1,141.21199808219862,256,0,1074.0600003012676
4,2.1,141.21199808219862,0,1000,996.2013031516572
16,2.59,141.21199808219862,128,1000,1117.5239371923303
8,1.16,276.053530085501,256,0,1141.335614790407
4,2.24,100.45466986113652,0,500,1062.0847035233894
4,2.1,100.45466986113652,128,0,1003.701794516015
8,1.16,165.6321180513006,512,0,1156.084210487126
4,0.69,224.1738090785728,0,0,1028.3659467741663
8,1.23,165.6321180513006,256,0,1120.4674904025435
16,4.6,127.33567457123112,256,0,1189.4913580522502
8,1.25,352.4651472131677,256,0,1091.1903762066183
16,1.05,165.6321180513006,512,0,1168.3522558067623
8,3.52,127.33567457123112,128,1000,1115.5242401621267
4,1.35,165.6321180513006,0,0,925.3675685462651
8,1.16,165.6321180513006,256,0,1140.804483414925
8,1.43,157.3505121487356,256,0,1129.7410740020491
4,2.09,100.45466986113652,0,500,1023.6346354272076
4,2.0,100.45466986113652,0,1000,1005.0907057320816
8,1.8,157.3505121487356,256,0,1139.5540949893968
4,0.69,224.1738090785728,0,0,1014.7261623643049
8,1.26,125.36742798669836,256,0,1152.253514374866
8,2.4,141.21199808219862,128,1000,1087.2255357854845
8,3.35,127.33567457123112,128,1000,1100.4648590381796
8,2.04,100.45466986113652,0,2000,1041.9692282932576
8,1.8,157.3505121487356,512,0,1160.1341447040118
4,1.5,111.93520355955212,0,0,960.318213992277
8,1.84,141.21199808219862,256,0,1059.8297350181972
4,2.23,141.21199808219862,0,1000,1039.8807989765653
16,2.5,141.21199808219862,0,0,1097.7716980635755
8,3.0,127.33567457123112,256,0,1225.6879973855343
8,2.5,100.45466986113652,0,1000,1063.997004658254
16,3.78,127.33567457123112,256,1000,1175.836828907183
8,1.88,141.21199808219862,256,0,1165.8835785532076
16,2.8,209.8006828649808,512,0,1177.531434451938
8,2.4,141.21199808219862,128,1000,1101.679769658875
8,1.48,165.6321180513006,256,0,1137.128263483418
8,2.59,141.21199808219862,256,0,1168.4869359618
8,1.48,220.84282406840083,256,0,1147.0547260182666
8,2.0,141.21199808219862,256,0,1152.464373704442
8,1.26,176.23257360658386,256,0,1171.489846116146
8,2.18,141.21199808219862,256,0,1089.3167621264645
8,1.88,141.21199808219862,256,0,1134.0108040487776
8,1.27,209.8006828649808,256,0,1173.3039792816312
4,1.9,100.45466986113652,0,1000,980.1561133612583
4,1.86,100.45466986113652,0,500,966.9293165034832
8,2.32,141.21199808219862,0,1000,1037.0822624347584
8,2.62,141.21199808219862,0,1000,1106.480418125965
8,2.04,282.42399616439724,256,0,1169.4548697992886
4,1.91,141.21199808219862,256,0,1014.7031952176632
16,2.7,127.33567457123112,256,1000,1128.3969856325211
12,1.4,157.3505121487356,512,0,1171.5790550995316
8,2.5,141.21199808219862,0,0,1064.568075024663
8,1.48,220.84282406840083,512,0,1159.6756189041978
8,1.7,157.3505121487356,256,0,1128.8114524334733
16,1.7,157.3505121487356,256,1000,1145.373072039192
8,2.62,141.21199808219862,0,1000,1077.6844060703754
8,2.2,100.45466986113652,0,1000,1010.4611236292678
4,2.1,100.45466986113652,0,500,1014.3056552540132
8,2.62,282.42399616439724,128,1000,1128.74471903093
8,1.95,141.21199808219862,256,0,1121.2620052356872
4,2.2,141.21199808219862,0,1000,1012.402932214978
2,1.44,111.93520355955212,0,0,949.301392269684
8,2.2,141.21199808219862,0,1000,1070.777173269934
8,1.96,141.21199808219862,256,0,1049.618215379083
16,2.1,141.21199808219862,512,0,1103.0873869571883
4,2.2,100.45466986113652,0,500,988.635767027266
4,2.1,100.45466986113652,0,500,996.2013031516572
8,2.2,141.21199808219862,0,1000,1053.941655276426
4,2.0,157.3505121487356,256,0,1062.0651995737776
4,2.32,141.21199808219862,0,0,1069.0944412566814
16,3.31,141.21199808219862,512,0,1114.9519345988929
16,1.91,141.21199808219862,128,1000,1165.0350362059476
4,2.07,100.45466986113652,0,500,1045.2533389121816
8,1.36,209.8006828649808,256,0,1137.618160360327
6,1.54,141.21199808219862,256,0,1069.8190821087585
8,1.98,141.21199808219862,256,0,1077.2395917628928
4,2.1,100.45466986113652,0,500,978.3703516212578
6,2.18,141.21199808219862,0,1000,1065.892197199841
8,2.591,141.21199808219862,256,1000,1078.7906120409612
16,2.09,141.21199808219862,512,0,1104.7982926769505
4,2.23,141.21199808219862,256,0,1051.3700849999805
8,1.23,276.053530085501,256,0,1097.7716980635755
16,4.2,127.33567457123112,256,1000,1183.8443060873624
8,2.4,141.21199808219862,0,1000,1068.3645110085204
4,1.86,100.45466986113652,0,500,1015.9709917169616
8,0.92,226.4155471693585,0,0,1103.4319178750795
8,1.6,165.6321180513006,256,0,1106.480418125965
12,2.21,141.21199808219862,128,1000,1116.6237060564342
4,1.9,100.45466986113652,0,1000,988.3643964401064
16,4.3,127.33567457123112,512,1000,1164.8784147353842
4,2.1,100.45466986113652,0,1000,958.136309252813
16,2.43,127.33567457123112,256,1000,1160.0619368985288
4,2.3,100.45466986113652,128,0,1018.8167121983652
8,2.2,100.45466986113652,0,500,1041.9692282932576
16,2.0,141.21199808219862,512,0,1113.4075023561454
16,1.2,276.053530085501,512,0,1186.9133099737037
8,2.2,141.21199808219862,0,1000,1103.9464987704202
8,2.36,141.21199808219862,256,0,1076.565826174604
8,1.91,100.45466986113652,256,0,1033.6863503805127
4,2.2,100.45466986113652,0,500,967.600459962282
8,3.3,106.11306214269258,0,1000,1041.9692282932576
16,2.2,141.21199808219862,256,1000,1177.89960831843
8,0.92,226.4155471693585,0,0,1112.9394827810977
16,2.2,141.21199808219862,128,1000,1144.2360501250737
16,2.43,127.33567457123112,256,1000,1155.0627594890204
8,2.191,141.21199808219862,256,0,1088.2315804880689
16,2.9,127.33567457123112,256,1000,1155.0632725739697
2,1.3,135.0942111925629,32,0,913.4616325446664
4,3.3,106.11306214269258,0,1000,1036.9151780182765
8,2.8,106.11306214269258,0,1000,1026.527659714113
8,2.6,141.21199808219862,128,1000,1112.39067701322
8,1.2,157.3505121487356,256,0,1102.220830408089
8,2.3,141.21199808219862,256,0,1130.7930232161195
8,2.2,141.21199808219862,128,1000,1127.2726554360904
6,2.1,141.21199808219862,0,1000,1024.654945809043
8,1.26,176.23257360658386,256,0,1142.1778496562451
4,2.08,146.86047800548656,0,500,1020.8009042782656
4,2.65,100.45466986113652,0,1000,970.890230312988
8,1.29,276.053530085501,256,0,1127.3329308763512
4,2.18,100.45466986113652,0,1000,1023.296037890921
16,2.6,141.21199808219862,128,1000,1091.1903762066183
8,2.2,141.21199808219862,128,1000,1102.220830408089
16,1.3,176.23257360658386,512,0,1138.409159312676
16,1.95,157.3505121487356,1000,0,1213.579351859982
8,2.3,100.45466986113652,0,1000,1012.6185116412724
16,2.7,127.33567457123112,256,1000,1135.2069152558354
4,1.08,135.0942111925629,0,0,1084.1452101115572
4,2.1,141.21199808219862,0,1000,1014.517175872359
8,1.54,209.8006828649808,256,0,1167.0950599679988
4,2.24,100.45466986113652,0,500,1057.8148918421473
8,2.3,141.21199808219862,128,1000,1103.9464987704202
16,1.4,165.6321180513006,512,0,1128.8114524334733
6,2.2,141.21199808219862,256,0,1036.8432457987426
8,1.45,165.6321180513006,256,0,1113.0176383145797
4,2.4,100.45466986113652,0,500,986.6652599193328
16,2.77,127.33567457123112,512,0,1147.0547260182666
4,1.54,157.3505121487356,256,0,1097.8617394068183
16,2.5,141.21199808219862,256,1000,1135.331993446001
4,1.6,111.93520355955212,0,500,1074.9784912589748
16,2.34,141.21199808219862,256,1000,1172.7036344253593
8,2.3,141.21199808219862,256,0,1032.644674294687
8,1.24,276.053530085501,256,0,1147.8299236986984
4,2.2,100.45466986113652,0,500,975.6304542024463
4,1.86,100.45466986113652,0,500,996.4522443121996
6,2.4,141.21199808219862,128,0,1031.9441460358464
8,1.9,157.3505121487356,256,0,1095.284236786288
4,2.2,100.45466986113652,0,500,1007.13630658882
4,2.0,100.45466986113652,0,1000,980.1561133612583
16,4.0,127.33567457123112,128,1000,1152.517019138667
4,2.29,100.45466986113652,0,500,1016.9966417336806
8,2.32,141.21199808219862,0,0,1077.2384744506987
8,2.4,141.21199808219862,128,1000,1108.951713579817
4,1.8,157.3505121487356,128,0,1070.060667312884
8,1.2,165.6321180513006,512,0,1056.7234758240793
6,2.3,100.45466986113652,0,1000,1010.4611236292678
4,2.4,100.45466986113652,0,500,964.1987714344566
2,2.2,100.45466986113652,0,500,991.309723131456
8,2.6,141.21199808219862,0,1000,1077.6844060703754
6,2.04,141.21199808219862,0,0,1028.5461122475176
8,2.3,100.45466986113652,0,1000,1066.7632361713904
2,1.17,135.0942111925629,0,0,931.7895278196944
4,2.2,100.45466986113652,0,500,1055.52565839505
4,1.8,157.3505121487356,128,0,1043.3899309576925
16,1.3,276.053530085501,512,0,1128.8114524334733
2,1.5,111.93520355955212,0,0,940.9283029786372
6,2.19,100.45466986113652,0,1000,1061.412881539865
