Date,number_sold
2011-01-02,4580
2011-01-03,4686
2011-01-04,4512
2011-01-05,4658
2011-01-06,4729
2011-01-07,4540
2011-01-08,4581
2011-01-09,4547
2011-01-10,4543
2011-01-11,4574
2011-01-12,4530
2011-01-13,4591
2011-01-14,4557
2011-01-15,4558
2011-01-16,4489
2011-01-17,4540
2011-01-18,4521
2011-01-19,4582
2011-01-20,4428
2011-01-21,4474
2011-01-22,4450
2011-01-23,4511
2011-01-24,4527
2011-01-25,4518
2011-01-26,4579
2011-01-27,4480
2011-01-28,4581
2011-01-29,4472
2011-01-30,4488
2011-01-31,4499
2011-02-01,4525
2011-02-02,4541
2011-02-03,4532
2011-02-04,4483
2011-02-05,4379
2011-02-06,4425
2011-02-07,4386
2011-02-08,4472
2011-02-09,4448
2011-02-10,4519
2011-02-11,4435
2011-02-12,4381
2011-02-13,4422
2011-02-14,4523
2011-02-15,4404
2011-02-16,4455
2011-02-17,4456
2011-02-18,4292
2011-02-19,4343
2011-02-20,4314
2011-02-21,4510
2011-02-22,4446
2011-02-23,4437
2011-02-24,4498
2011-02-25,4394
2011-02-26,4300
2011-02-27,4386
2011-02-28,4417
2011-03-01,4353
2011-03-02,4429
2011-03-03,4445
2011-03-04,4351
2011-03-05,4327
2011-03-06,4433
2011-03-07,4434
2011-03-08,4335
2011-03-09,4451
2011-03-10,4427
2011-03-11,4323
2011-03-12,4334
2011-03-13,4345
2011-03-14,4406
2011-03-15,4377
2011-03-16,4433
2011-03-17,4409
2011-03-18,4405
2011-03-19,4286
2011-03-20,4392
2011-03-21,4383
2011-03-22,4409
2011-03-23,4445
2011-03-24,4431
2011-03-25,4372
2011-03-26,4293
2011-03-27,4399
2011-03-28,4525
2011-03-29,4446
2011-03-30,4312
2011-03-31,4463
2011-04-01,4379
2011-04-02,4320
2011-04-03,4331
2011-04-04,4387
2011-04-05,4383
2011-04-06,4454
2011-04-07,4375
2011-04-08,4366
2011-04-09,4377
2011-04-10,4453
2011-04-11,4419
2011-04-12,4415
2011-04-13,4411
2011-04-14,4327
2011-04-15,4378
2011-04-16,4339
2011-04-17,4460
2011-04-18,4376
2011-04-19,4442
2011-04-20,4513
2011-04-21,4454
2011-04-22,4505
2011-04-23,4396
2011-04-24,4457
2011-04-25,4523
2011-04-26,4429
2011-04-27,4480
2011-04-28,4531
2011-04-29,4462
2011-04-30,4503
2011-05-01,4479
2011-05-02,4470
2011-05-03,4511
2011-05-04,4592
2011-05-05,4493
2011-05-06,4474
2011-05-07,4520
2011-05-08,4436
2011-05-09,4397
2011-05-10,4588
2011-05-11,4574
2011-05-12,4570
2011-05-13,4496
2011-05-14,4447
2011-05-15,4518
2011-05-16,4549
2011-05-17,4510
2011-05-18,4551
2011-05-19,4597
2011-05-20,4598
2011-05-21,4514
2011-05-22,4455
2011-05-23,4606
2011-05-24,4512
2011-05-25,4618
2011-05-26,4664
2011-05-27,4550
2011-05-28,4576
2011-05-29,4697
2011-05-30,4603
2011-05-31,4629
2011-06-01,4690
2011-06-02,4691
2011-06-03,4602
2011-06-04,4673
2011-06-05,4599
2011-06-06,4665
2011-06-07,4706
2011-06-08,4672
2011-06-09,4713
2011-06-10,4599
2011-06-11,4625
2011-06-12,4721
2011-06-13,4697
2011-06-14,4773
2011-06-15,4739
2011-06-16,4705
2011-06-17,4766
2011-06-18,4662
2011-06-19,4653
2011-06-20,4834
2011-06-21,4830
2011-06-22,4766
2011-06-23,4792
2011-06-24,4658
2011-06-25,4814
2011-06-26,4745
2011-06-27,4801
2011-06-28,4812
2011-06-29,4833
2011-06-30,4729
2011-07-01,4850
2011-07-02,4871
2011-07-03,4792
2011-07-04,4838
2011-07-05,4784
2011-07-06,4875
2011-07-07,4836
2011-07-08,4887
2011-07-09,4843
2011-07-10,4899
2011-07-11,4850
2011-07-12,4951
2011-07-13,4872
2011-07-14,4868
2011-07-15,5029
2011-07-16,4875
2011-07-17,4946
2011-07-18,4962
2011-07-19,4968
2011-07-20,4989
2011-07-21,4905
2011-07-22,4921
2011-07-23,4932
2011-07-24,4973
2011-07-25,5044
2011-07-26,5080
2011-07-27,5136
2011-07-28,5032
2011-07-29,4938
2011-07-30,5004
2011-07-31,4975
2011-08-01,4976
2011-08-02,5007
2011-08-03,5038
2011-08-04,5104
2011-08-05,5025
2011-08-06,4981
2011-08-07,5012
2011-08-08,5038
2011-08-09,5069
2011-08-10,5060
2011-08-11,5121
2011-08-12,5082
2011-08-13,5048
2011-08-14,5109
2011-08-15,5140
2011-08-16,5181
2011-08-17,5137
2011-08-18,5178
2011-08-19,5139
2011-08-20,5145
2011-08-21,5081
2011-08-22,5072
2011-08-23,5188
2011-08-24,5199
2011-08-25,5200
2011-08-26,5126
2011-08-27,5182
2011-08-28,5038
2011-08-29,5199
2011-08-30,5240
2011-08-31,5156
2011-09-01,5247
2011-09-02,5153
2011-09-03,5174
2011-09-04,5130
2011-09-05,5171
2011-09-06,5297
2011-09-07,5198
2011-09-08,5184
2011-09-09,5175
2011-09-10,5116
2011-09-11,5187
2011-09-12,5198
2011-09-13,5174
2011-09-14,5270
2011-09-15,5311
2011-09-16,5242
2011-09-17,5218
2011-09-18,5219
2011-09-19,5205
2011-09-20,5401
2011-09-21,5222
2011-09-22,5243
2011-09-23,5224
2011-09-24,5320
2011-09-25,5166
2011-09-26,5257
2011-09-27,5183
2011-09-28,5189
2011-09-29,5150
2011-09-30,5196
2011-10-01,5282
2011-10-02,5223
2011-10-03,5329
2011-10-04,5300
2011-10-05,5256
2011-10-06,5282
2011-10-07,5253
2011-10-08,5264
2011-10-09,5285
2011-10-10,5216
2011-10-11,5392
2011-10-12,5238
2011-10-13,5209
2011-10-14,5285
2011-10-15,5131
2011-10-16,5177
2011-10-17,5343
2011-10-18,5209
2011-10-19,5360
2011-10-20,5251
2011-10-21,5247
2011-10-22,5183
2011-10-23,5209
2011-10-24,5340
2011-10-25,5321
2011-10-26,5307
2011-10-27,5183
2011-10-28,5279
2011-10-29,5295
2011-10-30,5196
2011-10-31,5292
2011-11-01,5208
2011-11-02,5319
2011-11-03,5225
2011-11-04,5191
2011-11-05,5197
2011-11-06,5113
2011-11-07,5209
2011-11-08,5200
2011-11-09,5276
2011-11-10,5342
2011-11-11,5198
2011-11-12,5204
2011-11-13,5215
2011-11-14,5236
2011-11-15,5222
2011-11-16,5263
2011-11-17,5174
2011-11-18,5255
2011-11-19,5186
2011-11-20,5182
2011-11-21,5283
2011-11-22,5199
2011-11-23,5290
2011-11-24,5146
2011-11-25,5192
2011-11-26,5178
2011-11-27,5159
2011-11-28,5135
2011-11-29,5166
2011-11-30,5227
2011-12-01,5288
2011-12-02,5209
2011-12-03,5200
2011-12-04,5111
2011-12-05,5232
2011-12-06,5138
2011-12-07,5179
2011-12-08,5215
2011-12-09,5046
2011-12-10,5037
2011-12-11,5088
2011-12-12,5204
2011-12-13,5125
2011-12-14,5256
2011-12-15,5057
2011-12-16,5038
2011-12-17,5124
2011-12-18,5070
2011-12-19,5091
2011-12-20,5112
2011-12-21,5098
2011-12-22,5049
2011-12-23,5090
2011-12-24,5031
2011-12-25,5022
2011-12-26,5068
2011-12-27,5054
2011-12-28,5050
2011-12-29,5126
2011-12-30,5022
2011-12-31,5093
2012-01-01,4989
2012-01-02,5140
2012-01-03,5071
2012-01-04,5032
2012-01-05,5023
2012-01-06,5039
2012-01-07,5075
2012-01-08,4971
2012-01-09,5072
2012-01-10,5053
2012-01-11,5004
2012-01-12,4950
2012-01-13,5106
2012-01-14,4947
2012-01-15,4998
2012-01-16,4899
2012-01-17,4965
2012-01-18,5006
2012-01-19,4922
2012-01-20,4958
2012-01-21,4964
2012-01-22,4975
2012-01-23,4966
2012-01-24,4917
2012-01-25,5038
2012-01-26,4934
2012-01-27,4935
2012-01-28,4906
2012-01-29,4957
2012-01-30,4963
2012-01-31,4944
2012-02-01,4910
2012-02-02,4931
2012-02-03,4937
2012-02-04,4828
2012-02-05,4869
2012-02-06,4875
2012-02-07,4956
2012-02-08,4862
2012-02-09,4888
2012-02-10,4849
2012-02-11,4815
2012-02-12,4851
2012-02-13,4967
2012-02-14,4773
2012-02-15,4889
2012-02-16,4890
2012-02-17,4871
2012-02-18,4787
2012-02-19,4858
2012-02-20,4789
2012-02-21,4980
2012-02-22,4836
2012-02-23,4867
2012-02-24,4793
2012-02-25,4739
2012-02-26,4800
2012-02-27,4816
2012-02-28,4827
2012-02-29,4863
2012-03-01,4789
2012-03-02,4780
2012-03-03,4891
2012-03-04,4772
2012-03-05,4783
2012-03-06,4914
2012-03-07,4900
2012-03-08,4761
2012-03-09,4792
2012-03-10,4888
2012-03-11,4814
2012-03-12,4800
2012-03-13,4771
2012-03-14,4757
2012-03-15,4848
2012-03-16,4769
2012-03-17,4700
2012-03-18,4686
2012-03-19,4772
2012-03-20,4718
2012-03-21,4839
2012-03-22,4895
2012-03-23,4921
2012-03-24,4802
2012-03-25,4783
2012-03-26,4854
2012-03-27,4980
2012-03-28,4886
2012-03-29,4872
2012-03-30,4783
2012-03-31,4774
2012-04-01,4745
2012-04-02,4886
2012-04-03,4822
2012-04-04,4853
2012-04-05,4874
2012-04-06,4815
2012-04-07,4856
2012-04-08,4847
2012-04-09,4898
2012-04-10,4954
2012-04-11,4870
2012-04-12,4881
2012-04-13,4802
2012-04-14,4863
2012-04-15,4809
2012-04-16,4755
2012-04-17,4891
2012-04-18,4932
2012-04-19,4813
2012-04-20,4934
2012-04-21,4795
2012-04-22,4936
2012-04-23,4912
2012-04-24,5013
2012-04-25,4879
2012-04-26,4885
2012-04-27,4886
2012-04-28,4817
2012-04-29,4873
2012-04-30,4864
2012-05-01,4935
2012-05-02,4976
2012-05-03,4952
2012-05-04,4913
2012-05-05,4919
2012-05-06,4800
2012-05-07,4906
2012-05-08,5002
2012-05-09,4918
2012-05-10,4944
2012-05-11,4895
2012-05-12,4986
2012-05-13,5007
2012-05-14,4933
2012-05-15,4939
2012-05-16,5090
2012-05-17,4981
2012-05-18,4942
2012-05-19,5043
2012-05-20,4884
2012-05-21,5005
2012-05-22,5056
2012-05-23,5022
2012-05-24,5013
2012-05-25,4964
2012-05-26,4900
2012-05-27,5016
2012-05-28,5057
2012-05-29,5093
2012-05-30,5109
2012-05-31,5030
2012-06-01,5041
2012-06-02,5022
2012-06-03,5098
2012-06-04,5104
2012-06-05,5075
2012-06-06,5196
2012-06-07,5137
2012-06-08,5203
2012-06-09,5139
2012-06-10,5065
2012-06-11,5166
2012-06-12,5182
2012-06-13,5208
2012-06-14,5109
2012-06-15,5145
2012-06-16,5121
2012-06-17,5107
2012-06-18,5263
2012-06-19,5144
2012-06-20,5185
2012-06-21,5201
2012-06-22,5207
2012-06-23,5188
2012-06-24,5259
2012-06-25,5305
2012-06-26,5256
2012-06-27,5272
2012-06-28,5228
2012-06-29,5164
2012-06-30,5250
2012-07-01,5271
2012-07-02,5347
2012-07-03,5263
2012-07-04,5284
2012-07-05,5300
2012-07-06,5321
2012-07-07,5342
2012-07-08,5213
2012-07-09,5254
2012-07-10,5330
2012-07-11,5326
2012-07-12,5307
2012-07-13,5233
2012-07-14,5279
2012-07-15,5350
2012-07-16,5426
2012-07-17,5377
2012-07-18,5418
2012-07-19,5364
2012-07-20,5385
2012-07-21,5316
2012-07-22,5417
2012-07-23,5398
2012-07-24,5424
2012-07-25,5505
2012-07-26,5336
2012-07-27,5387
2012-07-28,5413
2012-07-29,5434
2012-07-30,5400
2012-07-31,5401
2012-08-01,5467
2012-08-02,5458
2012-08-03,5509
2012-08-04,5375
2012-08-05,5481
2012-08-06,5432
2012-08-07,5563
2012-08-08,5609
2012-08-09,5540
2012-08-10,5451
2012-08-11,5517
2012-08-12,5463
2012-08-13,5489
2012-08-14,5605
2012-08-15,5671
2012-08-16,5557
2012-08-17,5568
2012-08-18,5484
2012-08-19,5485
2012-08-20,5536
2012-08-21,5587
2012-08-22,5563
2012-08-23,5614
2012-08-24,5535
2012-08-25,5531
2012-08-26,5572
2012-08-27,5608
2012-08-28,5609
2012-08-29,5625
2012-08-30,5611
2012-08-31,5632
2012-09-01,5533
2012-09-02,5639
2012-09-03,5585
2012-09-04,5651
2012-09-05,5612
2012-09-06,5568
2012-09-07,5654
2012-09-08,5640
2012-09-09,5621
2012-09-10,5572
2012-09-11,5678
2012-09-12,5614
2012-09-13,5585
2012-09-14,5691
2012-09-15,5562
2012-09-16,5628
2012-09-17,5684
2012-09-18,5650
2012-09-19,5676
2012-09-20,5712
2012-09-21,5693
2012-09-22,5584
2012-09-23,5595
2012-09-24,5626
2012-09-25,5712
2012-09-26,5698
2012-09-27,5684
2012-09-28,5585
2012-09-29,5666
2012-09-30,5627
2012-10-01,5583
2012-10-02,5559
2012-10-03,5765
2012-10-04,5641
2012-10-05,5637
2012-10-06,5658
2012-10-07,5639
2012-10-08,5665
2012-10-09,5686
2012-10-10,5667
2012-10-11,5643
2012-10-12,5694
2012-10-13,5590
2012-10-14,5766
2012-10-15,5687
2012-10-16,5748
2012-10-17,5724
2012-10-18,5690
2012-10-19,5641
2012-10-20,5712
2012-10-21,5628
2012-10-22,5699
2012-10-23,5625
2012-10-24,5651
2012-10-25,5642
2012-10-26,5633
2012-10-27,5634
2012-10-28,5670
2012-10-29,5681
2012-10-30,5727
2012-10-31,5693
2012-11-01,5634
2012-11-02,5730
2012-11-03,5576
2012-11-04,5642
2012-11-05,5628
2012-11-06,5639
2012-11-07,5585
2012-11-08,5651
2012-11-09,5632
2012-11-10,5568
2012-11-11,5584
2012-11-12,5650
2012-11-13,5661
2012-11-14,5657
2012-11-15,5598
2012-11-16,5609
2012-11-17,5555
2012-11-18,5571
2012-11-19,5547
2012-11-20,5628
2012-11-21,5599
2012-11-22,5605
2012-11-23,5541
2012-11-24,5582
2012-11-25,5528
2012-11-26,5534
2012-11-27,5605
2012-11-28,5556
2012-11-29,5542
2012-11-30,5523
2012-12-01,5579
2012-12-02,5490
2012-12-03,5541
2012-12-04,5647
2012-12-05,5638
2012-12-06,5519
2012-12-07,5565
2012-12-08,5496
2012-12-09,5507
2012-12-10,5528
2012-12-11,5454
2012-12-12,5535
2012-12-13,5441
2012-12-14,5492
2012-12-15,5528
2012-12-16,5499
2012-12-17,5555
2012-12-18,5486
2012-12-19,5487
2012-12-20,5563
2012-12-21,5449
2012-12-22,5470
2012-12-23,5421
2012-12-24,5442
2012-12-25,5428
2012-12-26,5514
2012-12-27,5420
2012-12-28,5396
2012-12-29,5417
2012-12-30,5488
2012-12-31,5324
2013-01-01,5455
2013-01-02,5406
2013-01-03,5437
2013-01-04,5378
2013-01-05,5369
2013-01-06,5415
2013-01-07,5451
2013-01-08,5422
2013-01-09,5378
2013-01-10,5394
2013-01-11,5470
2013-01-12,5311
2013-01-13,5342
2013-01-14,5298
2013-01-15,5394
2013-01-16,5320
2013-01-17,5386
2013-01-18,5327
2013-01-19,5253
2013-01-20,5394
2013-01-21,5370
2013-01-22,5326
2013-01-23,5312
2013-01-24,5318
2013-01-25,5294
2013-01-26,5335
2013-01-27,5336
2013-01-28,5397
2013-01-29,5228
2013-01-30,5379
2013-01-31,5385
2013-02-01,5351
2013-02-02,5312
2013-02-03,5278
2013-02-04,5379
2013-02-05,5295
2013-02-06,5321
2013-02-07,5277
2013-02-08,5338
2013-02-09,5264
2013-02-10,5160
2013-02-11,5306
2013-02-12,5307
2013-02-13,5243
2013-02-14,5324
2013-02-15,5285
2013-02-16,5301
2013-02-17,5297
2013-02-18,5293
2013-02-19,5289
2013-02-20,5220
2013-02-21,5156
2013-02-22,5247
2013-02-23,5193
2013-02-24,5304
2013-02-25,5165
2013-02-26,5251
2013-02-27,5422
2013-02-28,5233
2013-03-01,5184
2013-03-02,5180
2013-03-03,5171
2013-03-04,5212
2013-03-05,5273
2013-03-06,5329
2013-03-07,5260
2013-03-08,5216
2013-03-09,5162
2013-03-10,5248
2013-03-11,5194
2013-03-12,5255
2013-03-13,5286
2013-03-14,5227
2013-03-15,5238
2013-03-16,5189
2013-03-17,5215
2013-03-18,5096
2013-03-19,5257
2013-03-20,5243
2013-03-21,5259
2013-03-22,5280
2013-03-23,5191
2013-03-24,5137
2013-03-25,5358
2013-03-26,5124
2013-03-27,5225
2013-03-28,5221
2013-03-29,5197
2013-03-30,5228
2013-03-31,5219
2013-04-01,5315
2013-04-02,5196
2013-04-03,5257
2013-04-04,5213
2013-04-05,5214
2013-04-06,5170
2013-04-07,5196
2013-04-08,5257
2013-04-09,5233
2013-04-10,5289
2013-04-11,5210
2013-04-12,5141
2013-04-13,5147
2013-04-14,5203
2013-04-15,5299
2013-04-16,5245
2013-04-17,5301
2013-04-18,5207
2013-04-19,5248
2013-04-20,5224
2013-04-21,5215
2013-04-22,5256
2013-04-23,5217
2013-04-24,5243
2013-04-25,5344
2013-04-26,5400
2013-04-27,5226
2013-04-28,5287
2013-04-29,5238
2013-04-30,5204
2013-05-01,5390
2013-05-02,5316
2013-05-03,5237
2013-05-04,5373
2013-05-05,5254
2013-05-06,5270
2013-05-07,5251
2013-05-08,5292
2013-05-09,5303
2013-05-10,5379
2013-05-11,5310
2013-05-12,5316
2013-05-13,5312
2013-05-14,5403
2013-05-15,5444
2013-05-16,5340
2013-05-17,5301
2013-05-18,5342
2013-05-19,5338
2013-05-20,5324
2013-05-21,5495
2013-05-22,5461
2013-05-23,5392
2013-05-24,5313
2013-05-25,5409
2013-05-26,5335
2013-05-27,5381
2013-05-28,5482
2013-05-29,5388
2013-05-30,5374
2013-05-31,5465
2013-06-01,5471
2013-06-02,5432
2013-06-03,5463
2013-06-04,5474
2013-06-05,5520
2013-06-06,5441
2013-06-07,5467
2013-06-08,5473
2013-06-09,5464
2013-06-10,5450
2013-06-11,5491
2013-06-12,5562
2013-06-13,5578
2013-06-14,5449
2013-06-15,5560
2013-06-16,5466
2013-06-17,5567
2013-06-18,5588
2013-06-19,5474
2013-06-20,5615
2013-06-21,5496
2013-06-22,5567
2013-06-23,5588
2013-06-24,5559
2013-06-25,5595
2013-06-26,5686
2013-06-27,5492
2013-06-28,5543
2013-06-29,5519
2013-06-30,5590
2013-07-01,5661
2013-07-02,5632
2013-07-03,5678
2013-07-04,5739
2013-07-05,5695
2013-07-06,5661
2013-07-07,5757
2013-07-08,5698
2013-07-09,5714
2013-07-10,5695
2013-07-11,5706
2013-07-12,5707
2013-07-13,5713
2013-07-14,5684
2013-07-15,5700
2013-07-16,5691
2013-07-17,5757
2013-07-18,5733
2013-07-19,5759
2013-07-20,5665
2013-07-21,5696
2013-07-22,5817
2013-07-23,5828
2013-07-24,5779
2013-07-25,5730
2013-07-26,5766
2013-07-27,5727
2013-07-28,5718
2013-07-29,5819
2013-07-30,5765
2013-07-31,5921
2013-08-01,5857
2013-08-02,5768
2013-08-03,5854
2013-08-04,5825
2013-08-05,5831
2013-08-06,5902
2013-08-07,5863
2013-08-08,5969
2013-08-09,5810
2013-08-10,5816
2013-08-11,5842
2013-08-12,5838
2013-08-13,5969
2013-08-14,5880
2013-08-15,5906
2013-08-16,5917
2013-08-17,5908
2013-08-18,5954
2013-08-19,5865
2013-08-20,5936
2013-08-21,5912
2013-08-22,5913
2013-08-23,5889
2013-08-24,6025
2013-08-25,5971
2013-08-26,5897
2013-08-27,5943
2013-08-28,5964
2013-08-29,6000
2013-08-30,5946
2013-08-31,6007
2013-09-01,5998
2013-09-02,6069
2013-09-03,5940
2013-09-04,6066
2013-09-05,5962
2013-09-06,5988
2013-09-07,5949
2013-09-08,5915
2013-09-09,5991
2013-09-10,6017
2013-09-11,6048
2013-09-12,5959
2013-09-13,6115
2013-09-14,5951
2013-09-15,6007
2013-09-16,6038
2013-09-17,6009
2013-09-18,6010
2013-09-19,6071
2013-09-20,5992
2013-09-21,5958
2013-09-22,6019
2013-09-23,6025
2013-09-24,6111
2013-09-25,6082
2013-09-26,6058
2013-09-27,6049
2013-09-28,6155
2013-09-29,6126
2013-09-30,6027
2013-10-01,6013
2013-10-02,6129
2013-10-03,6075
2013-10-04,5981
2013-10-05,6067
2013-10-06,6083
2013-10-07,6154
2013-10-08,6055
2013-10-09,6041
2013-10-10,6162
2013-10-11,6058
2013-10-12,6014
2013-10-13,6060
2013-10-14,6051
2013-10-15,6077
2013-10-16,6043
2013-10-17,6039
2013-10-18,6030
2013-10-19,6016
2013-10-20,6032
2013-10-21,6038
2013-10-22,5999
2013-10-23,6120
2013-10-24,6041
2013-10-25,5987
2013-10-26,5963
2013-10-27,5954
2013-10-28,6125
2013-10-29,6116
2013-10-30,6082
2013-10-31,6048
2013-11-01,6099
2013-11-02,5960
2013-11-03,5971
2013-11-04,6012
2013-11-05,6178
2013-11-06,6119
2013-11-07,6030
2013-11-08,6056
2013-11-09,5967
2013-11-10,6023
2013-11-11,5979
2013-11-12,6085
2013-11-13,6066
2013-11-14,6112
2013-11-15,5998
2013-11-16,5959
2013-11-17,6055
2013-11-18,5956
2013-11-19,5977
2013-11-20,6073
2013-11-21,5959
2013-11-22,5990
2013-11-23,5911
2013-11-24,5957
2013-11-25,5943
2013-11-26,5964
2013-11-27,6055
2013-11-28,5906
2013-11-29,5912
2013-11-30,5918
2013-12-01,5984
2013-12-02,5975
2013-12-03,6026
2013-12-04,5947
2013-12-05,5928
2013-12-06,5949
2013-12-07,5875
2013-12-08,5936
2013-12-09,5897
2013-12-10,6003
2013-12-11,5979
2013-12-12,6020
2013-12-13,5851
2013-12-14,5887
2013-12-15,5863
2013-12-16,5889
2013-12-17,5970
2013-12-18,5926
2013-12-19,5832
2013-12-20,5843
2013-12-21,5784
2013-12-22,5710
2013-12-23,5696
2013-12-24,5777
2013-12-25,5973
2013-12-26,5854
2013-12-27,5790
2013-12-28,5766
2013-12-29,5872
2013-12-30,5838
2013-12-31,5879
2014-01-01,5830
2014-01-02,5781
2014-01-03,5877
2014-01-04,5838
2014-01-05,5814
2014-01-06,5850
2014-01-07,5861
2014-01-08,5832
2014-01-09,5703
2014-01-10,5734
2014-01-11,5780
2014-01-12,5741
2014-01-13,5722
2014-01-14,5728
2014-01-15,5799
2014-01-16,5810
2014-01-17,5756
2014-01-18,5692
2014-01-19,5723
2014-01-20,5764
2014-01-21,5745
2014-01-22,5761
2014-01-23,5707
2014-01-24,5738
2014-01-25,5674
2014-01-26,5705
2014-01-27,5766
2014-01-28,5747
2014-01-29,5713
2014-01-30,5664
2014-01-31,5680
2014-02-01,5731
2014-02-02,5592
2014-02-03,5658
2014-02-04,5674
2014-02-05,5650
2014-02-06,5631
2014-02-07,5577
2014-02-08,5643
2014-02-09,5629
2014-02-10,5560
2014-02-11,5581
2014-02-12,5692
2014-02-13,5563
2014-02-14,5644
2014-02-15,5650
2014-02-16,5641
2014-02-17,5697
2014-02-18,5613
2014-02-19,5584
2014-02-20,5530
2014-02-21,5636
2014-02-22,5597
2014-02-23,5648
2014-02-24,5709
2014-02-25,5640
2014-02-26,5751
2014-02-27,5622
2014-02-28,5588
2014-03-01,5589
2014-03-02,5615
2014-03-03,5616
2014-03-04,5622
2014-03-05,5573
2014-03-06,5614
2014-03-07,5575
2014-03-08,5556
2014-03-09,5522
2014-03-10,5583
2014-03-11,5584
2014-03-12,5635
2014-03-13,5611
2014-03-14,5557
2014-03-15,5588
2014-03-16,5619
2014-03-17,5560
2014-03-18,5541
2014-03-19,5597
2014-03-20,5483
2014-03-21,5529
2014-03-22,5540
2014-03-23,5526
2014-03-24,5582
2014-03-25,5623
2014-03-26,5594
2014-03-27,5575
2014-03-28,5546
2014-03-29,5532
2014-03-30,5553
2014-03-31,5594
2014-04-01,5565
2014-04-02,5596
2014-04-03,5577
2014-04-04,5653
2014-04-05,5639
2014-04-06,5455
2014-04-07,5581
2014-04-08,5592
2014-04-09,5588
2014-04-10,5584
2014-04-11,5585
2014-04-12,5576
2014-04-13,5587
2014-04-14,5613
2014-04-15,5614
2014-04-16,5645
2014-04-17,5551
2014-04-18,5547
2014-04-19,5643
2014-04-20,5639
2014-04-21,5580
2014-04-22,5656
2014-04-23,5667
2014-04-24,5618
2014-04-25,5584
2014-04-26,5585
2014-04-27,5561
2014-04-28,5702
2014-04-29,5688
2014-04-30,5654
2014-05-01,5650
2014-05-02,5636
2014-05-03,5712
2014-05-04,5648
2014-05-05,5624
2014-05-06,5710
2014-05-07,5671
2014-05-08,5767
2014-05-09,5713
2014-05-10,5719
2014-05-11,5740
2014-05-12,5536
2014-05-13,5737
2014-05-14,5698
2014-05-15,5779
2014-05-16,5730
2014-05-17,5731
2014-05-18,5807
2014-05-19,5713
2014-05-20,5754
2014-05-21,5745
2014-05-22,5801
2014-05-23,5707
2014-05-24,5628
2014-05-25,5664
2014-05-26,5785
2014-05-27,5836
2014-05-28,5807
2014-05-29,5813
2014-05-30,5714
2014-05-31,5775
2014-06-01,5806
2014-06-02,5802
2014-06-03,5838
2014-06-04,5869
2014-06-05,5830
2014-06-06,5771
2014-06-07,5697
2014-06-08,5903
2014-06-09,5824
2014-06-10,5895
2014-06-11,5766
2014-06-12,5892
2014-06-13,5853
2014-06-14,5879
2014-06-15,5870
2014-06-16,5876
2014-06-17,5967
2014-06-18,6008
2014-06-19,5869
2014-06-20,6025
2014-06-21,5816
2014-06-22,5997
2014-06-23,5988
2014-06-24,5989
2014-06-25,5910
2014-06-26,5936
2014-06-27,6002
2014-06-28,6038
2014-06-29,5949
2014-06-30,6020
2014-07-01,5871
2014-07-02,5992
2014-07-03,6018
2014-07-04,5974
2014-07-05,5980
2014-07-06,6001
2014-07-07,6112
2014-07-08,6133
2014-07-09,6044
2014-07-10,6015
2014-07-11,6136
2014-07-12,6037
2014-07-13,5998
2014-07-14,6059
2014-07-15,6040
2014-07-16,6096
2014-07-17,6137
2014-07-18,6068
2014-07-19,6079
2014-07-20,6110
2014-07-21,6126
2014-07-22,6122
2014-07-23,6143
2014-07-24,6094
2014-07-25,6025
2014-07-26,6151
2014-07-27,6107
2014-07-28,6108
2014-07-29,6109
2014-07-30,6150
2014-07-31,6146
2014-08-01,6087
2014-08-02,6088
2014-08-03,6274
2014-08-04,6215
2014-08-05,6256
2014-08-06,6267
2014-08-07,6183
2014-08-08,6234
2014-08-09,6230
2014-08-10,6171
2014-08-11,6177
2014-08-12,6308
2014-08-13,6254
2014-08-14,6195
2014-08-15,6296
2014-08-16,6242
2014-08-17,6193
2014-08-18,6339
2014-08-19,6290
2014-08-20,6391
2014-08-21,6392
2014-08-22,6338
2014-08-23,6279
2014-08-24,6185
2014-08-25,6306
2014-08-26,6337
2014-08-27,6373
2014-08-28,6364
2014-08-29,6315
2014-08-30,6331
2014-08-31,6172
2014-09-01,6333
2014-09-02,6429
2014-09-03,6375
2014-09-04,6416
2014-09-05,6417
2014-09-06,6403
2014-09-07,6369
2014-09-08,6335
2014-09-09,6401
2014-09-10,6437
2014-09-11,6408
2014-09-12,6369
2014-09-13,6405
2014-09-14,6316
2014-09-15,6417
2014-09-16,6383
2014-09-17,6444
2014-09-18,6325
2014-09-19,6441
2014-09-20,6427
2014-09-21,6368
2014-09-22,6354
2014-09-23,6480
2014-09-24,6411
2014-09-25,6447
2014-09-26,6433
2014-09-27,6414
2014-09-28,6405
2014-09-29,6296
2014-09-30,6537
2014-10-01,6398
2014-10-02,6444
2014-10-03,6410
2014-10-04,6431
2014-10-05,6402
2014-10-06,6413
2014-10-07,6444
2014-10-08,6475
2014-10-09,6361
2014-10-10,6447
2014-10-11,6453
2014-10-12,6354
2014-10-13,6375
2014-10-14,6441
2014-10-15,6462
2014-10-16,6393
2014-10-17,6379
2014-10-18,6325
2014-10-19,6346
2014-10-20,6437
2014-10-21,6513
2014-10-22,6449
2014-10-23,6380
2014-10-24,6451
2014-10-25,6337
2014-10-26,6328
2014-10-27,6399
2014-10-28,6430
2014-10-29,6361
2014-10-30,6367
2014-10-31,6313
2014-11-01,6384
2014-11-02,6445
2014-11-03,6411
2014-11-04,6447
2014-11-05,6438
2014-11-06,6504
2014-11-07,6390
2014-11-08,6436
2014-11-09,6402
2014-11-10,6338
2014-11-11,6424
2014-11-12,6420
2014-11-13,6416
2014-11-14,6347
2014-11-15,6408
2014-11-16,6294
2014-11-17,6270
2014-11-18,6436
2014-11-19,6412
2014-11-20,6303
2014-11-21,6319
2014-11-22,6355
2014-11-23,6301
2014-11-24,6307
2014-11-25,6268
2014-11-26,6264
2014-11-27,6290
2014-11-28,6321
2014-11-29,6267
2014-11-30,6268
2014-12-01,6314
2014-12-02,6325
2014-12-03,6381
2014-12-04,6292
2014-12-05,6323
2014-12-06,6244
2014-12-07,6235
2014-12-08,6281
2014-12-09,6277
2014-12-10,6308
2014-12-11,6239
2014-12-12,6240
2014-12-13,6201
2014-12-14,6197
2014-12-15,6238
2014-12-16,6314
2014-12-17,6200
2014-12-18,6211
2014-12-19,6227
2014-12-20,6243
2014-12-21,6144
2014-12-22,6190
2014-12-23,6241
2014-12-24,6202
2014-12-25,6173
2014-12-26,6159
2014-12-27,6120
2014-12-28,6281
2014-12-29,6197
2014-12-30,6143
2014-12-31,6264
2015-01-01,6235
2015-01-02,6161
2015-01-03,6052
2015-01-04,6163
2015-01-05,6139
2015-01-06,6300
2015-01-07,6131
2015-01-08,6152
2015-01-09,6123
2015-01-10,6099
2015-01-11,6025
2015-01-12,6211
2015-01-13,6117
2015-01-14,6108
2015-01-15,6199
2015-01-16,5970
2015-01-17,6171
2015-01-18,6072
2015-01-19,6168
2015-01-20,6154
2015-01-21,6135
2015-01-22,6036
2015-01-23,6132
2015-01-24,5908
2015-01-25,5959
2015-01-26,6055
2015-01-27,6106
2015-01-28,6037
2015-01-29,6093
2015-01-30,6129
2015-01-31,5965
2015-02-01,5981
2015-02-02,6007
2015-02-03,6173
2015-02-04,6029
2015-02-05,6095
2015-02-06,6086
2015-02-07,5942
2015-02-08,5928
2015-02-09,5944
2015-02-10,6000
2015-02-11,6016
2015-02-12,5937
2015-02-13,5953
2015-02-14,5969
2015-02-15,6045
2015-02-16,5956
2015-02-17,6002
2015-02-18,6028
2015-02-19,6024
2015-02-20,5895
2015-02-21,5916
2015-02-22,5972
2015-02-23,5993
2015-02-24,5939
2015-02-25,5920
2015-02-26,5906
2015-02-27,5862
2015-02-28,5918
2015-03-01,5999
2015-03-02,5965
2015-03-03,5896
2015-03-04,5942
2015-03-05,5963
2015-03-06,5974
2015-03-07,5885
2015-03-08,5866
2015-03-09,5897
2015-03-10,5963
2015-03-11,5954
2015-03-12,6035
2015-03-13,5941
2015-03-14,5967
2015-03-15,5883
2015-03-16,5989
2015-03-17,5940
2015-03-18,6046
2015-03-19,5947
2015-03-20,6013
2015-03-21,5919
2015-03-22,5950
2015-03-23,5916
2015-03-24,5962
2015-03-25,5933
2015-03-26,5959
2015-03-27,5865
2015-03-28,5861
2015-03-29,5912
2015-03-30,5998
2015-03-31,5994
2015-04-01,5960
2015-04-02,5991
2015-04-03,5897
2015-04-04,5943
2015-04-05,5869
2015-04-06,5980
2015-04-07,5931
2015-04-08,6022
2015-04-09,5968
2015-04-10,5904
2015-04-11,5985
2015-04-12,5946
2015-04-13,5937
2015-04-14,5848
2015-04-15,5994
2015-04-16,6000
2015-04-17,5906
2015-04-18,6032
2015-04-19,5913
2015-04-20,6034
2015-04-21,5980
2015-04-22,6071
2015-04-23,6012
2015-04-24,5903
2015-04-25,6034
2015-04-26,6035
2015-04-27,5976
2015-04-28,6087
2015-04-29,6063
2015-04-30,6039
2015-05-01,6025
2015-05-02,6061
2015-05-03,5977
2015-05-04,6043
2015-05-05,6039
2015-05-06,6070
2015-05-07,6041
2015-05-08,6022
2015-05-09,5993
2015-05-10,6179
2015-05-11,6155
2015-05-12,6051
2015-05-13,6017
2015-05-14,6123
2015-05-15,6094
2015-05-16,5995
2015-05-17,6101
2015-05-18,6022
2015-05-19,6188
2015-05-20,6049
2015-05-21,6130
2015-05-22,6126
2015-05-23,6102
2015-05-24,6073
2015-05-25,6114
2015-05-26,6150
2015-05-27,6191
2015-05-28,6152
2015-05-29,6188
2015-05-30,6124
2015-05-31,6155
2015-06-01,6191
2015-06-02,6167
2015-06-03,6158
2015-06-04,6249
2015-06-05,6155
2015-06-06,6196
2015-06-07,6127
2015-06-08,6213
2015-06-09,6169
2015-06-10,6275
2015-06-11,6196
2015-06-12,6247
2015-06-13,6213
2015-06-14,6299
2015-06-15,6255
2015-06-16,6366
2015-06-17,6392
2015-06-18,6333
2015-06-19,6279
2015-06-20,6180
2015-06-21,6221
2015-06-22,6237
2015-06-23,6238
2015-06-24,6329
2015-06-25,6245
2015-06-26,6351
2015-06-27,6332
2015-06-28,6308
2015-06-29,6329
2015-06-30,6365
2015-07-01,6401
2015-07-02,6347
2015-07-03,6403
2015-07-04,6324
2015-07-05,6280
2015-07-06,6341
2015-07-07,6397
2015-07-08,6473
2015-07-09,6359
2015-07-10,6365
2015-07-11,6421
2015-07-12,6407
2015-07-13,6368
2015-07-14,6424
2015-07-15,6450
2015-07-16,6451
2015-07-17,6477
2015-07-18,6373
2015-07-19,6414
2015-07-20,6555
2015-07-21,6466
2015-07-22,6592
2015-07-23,6468
2015-07-24,6454
2015-07-25,6555
2015-07-26,6411
2015-07-27,6582
2015-07-28,6528
2015-07-29,6569
2015-07-30,6550
2015-07-31,6506
2015-08-01,6562
2015-08-02,6483
2015-08-03,6664
2015-08-04,6655
2015-08-05,6696
2015-08-06,6542
2015-08-07,6628
2015-08-08,6654
2015-08-09,6490
2015-08-10,6531
2015-08-11,6617
2015-08-12,6603
2015-08-13,6639
2015-08-14,6645
2015-08-15,6626
2015-08-16,6632
2015-08-17,6643
2015-08-18,6609
2015-08-19,6705
2015-08-20,6631
2015-08-21,6672
2015-08-22,6648
2015-08-23,6699
2015-08-24,6800
2015-08-25,6711
2015-08-26,6622
2015-08-27,6653
2015-08-28,6614
2015-08-29,6655
2015-08-30,6711
2015-08-31,6802
2015-09-01,6773
2015-09-02,6794
2015-09-03,6715
2015-09-04,6736
2015-09-05,6702
2015-09-06,6663
2015-09-07,6704
2015-09-08,6730
2015-09-09,6746
2015-09-10,6712
2015-09-11,6658
2015-09-12,6724
2015-09-13,6725
2015-09-14,6741
2015-09-15,6707
2015-09-16,6768
2015-09-17,6769
2015-09-18,6795
2015-09-19,6706
2015-09-20,6787
2015-09-21,6713
2015-09-22,6774
2015-09-23,6810
2015-09-24,6756
2015-09-25,6762
2015-09-26,6788
2015-09-27,6734
2015-09-28,6810
2015-09-29,6756
2015-09-30,6797
2015-10-01,6778
2015-10-02,6794
2015-10-03,6720
2015-10-04,6736
2015-10-05,6787
2015-10-06,6823
2015-10-07,6829
2015-10-08,6820
2015-10-09,6816
2015-10-10,6722
2015-10-11,6798
2015-10-12,6809
2015-10-13,6765
2015-10-14,6846
2015-10-15,6752
2015-10-16,6733
2015-10-17,6744
2015-10-18,6710
2015-10-19,6801
2015-10-20,6847
2015-10-21,6763
2015-10-22,6859
2015-10-23,6740
2015-10-24,6696
2015-10-25,6722
2015-10-26,6808
2015-10-27,6784
2015-10-28,6735
2015-10-29,6721
2015-10-30,6757
2015-10-31,6733
2015-11-01,6814
2015-11-02,6725
2015-11-03,6776
2015-11-04,6757
2015-11-05,6683
2015-11-06,6744
2015-11-07,6690
2015-11-08,6686
2015-11-09,6677
2015-11-10,6758
2015-11-11,6814
2015-11-12,6695
2015-11-13,6746
2015-11-14,6717
2015-11-15,6633
2015-11-16,6689
2015-11-17,6705
2015-11-18,6746
2015-11-19,6702
2015-11-20,6688
2015-11-21,6684
2015-11-22,6670
2015-11-23,6636
2015-11-24,6662
2015-11-25,6728
2015-11-26,6684
2015-11-27,6620
2015-11-28,6666
2015-11-29,6617
2015-11-30,6663
2015-12-01,6759
2015-12-02,6695
2015-12-03,6636
2015-12-04,6612
2015-12-05,6558
2015-12-06,6649
2015-12-07,6585
2015-12-08,6671
2015-12-09,6672
2015-12-10,6653
2015-12-11,6689
2015-12-12,6525
2015-12-13,6611
2015-12-14,6612
2015-12-15,6613
2015-12-16,6584
2015-12-17,6690
2015-12-18,6516
2015-12-19,6622
2015-12-20,6503
2015-12-21,6504
2015-12-22,6575
2015-12-23,6621
2015-12-24,6492
2015-12-25,6548
2015-12-26,6409
2015-12-27,6505
2015-12-28,6476
2015-12-29,6517
2015-12-30,6483
2015-12-31,6529
2016-01-01,6500
2016-01-02,6481
2016-01-03,6507
2016-01-04,6543
2016-01-05,6489
2016-01-06,6490
2016-01-07,6536
2016-01-08,6462
2016-01-09,6563
2016-01-10,6434
2016-01-11,6430
2016-01-12,6516
2016-01-13,6517
2016-01-14,6458
2016-01-15,6494
2016-01-16,6390
2016-01-17,6301
2016-01-18,6457
2016-01-19,6448
2016-01-20,6539
2016-01-21,6460
2016-01-22,6466
2016-01-23,6417
2016-01-24,6413
2016-01-25,6379
2016-01-26,6435
2016-01-27,6441
2016-01-28,6397
2016-01-29,6303
2016-01-30,6429
2016-01-31,6325
2016-02-01,6396
2016-02-02,6422
2016-02-03,6353
2016-02-04,6419
2016-02-05,6365
2016-02-06,6346
2016-02-07,6342
2016-02-08,6323
2016-02-09,6319
2016-02-10,6390
2016-02-11,6431
2016-02-12,6302
2016-02-13,6373
2016-02-14,6354
2016-02-15,6380
2016-02-16,6296
2016-02-17,6407
2016-02-18,6333
2016-02-19,6289
2016-02-20,6350
2016-02-21,6386
2016-02-22,6302
2016-02-23,6333
2016-02-24,6369
2016-02-25,6290
2016-02-26,6201
2016-02-27,6272
2016-02-28,6298
2016-02-29,6269
2016-03-01,6365
2016-03-02,6321
2016-03-03,6287
2016-03-04,6383
2016-03-05,6289
2016-03-06,6330
2016-03-07,6326
2016-03-08,6387
2016-03-09,6333
2016-03-10,6314
2016-03-11,6325
2016-03-12,6356
2016-03-13,6272
2016-03-14,6338
2016-03-15,6274
2016-03-16,6370
2016-03-17,6236
2016-03-18,6392
2016-03-19,6313
2016-03-20,6234
2016-03-21,6285
2016-03-22,6326
2016-03-23,6342
2016-03-24,6303
2016-03-25,6409
2016-03-26,6220
2016-03-27,6306
2016-03-28,6322
2016-03-29,6328
2016-03-30,6279
2016-03-31,6350
2016-04-01,6246
2016-04-02,6347
2016-04-03,6353
2016-04-04,6399
2016-04-05,6270
2016-04-06,6341
2016-04-07,6322
2016-04-08,6368
2016-04-09,6289
2016-04-10,6305
2016-04-11,6331
2016-04-12,6402
2016-04-13,6403
2016-04-14,6319
2016-04-15,6285
2016-04-16,6191
2016-04-17,6252
2016-04-18,6313
2016-04-19,6314
2016-04-20,6360
2016-04-21,6361
2016-04-22,6267
2016-04-23,6398
2016-04-24,6329
2016-04-25,6375
2016-04-26,6391
2016-04-27,6382
2016-04-28,6353
2016-04-29,6269
2016-04-30,6290
2016-05-01,6346
2016-05-02,6352
2016-05-03,6408
2016-05-04,6414
2016-05-05,6430
2016-05-06,6361
2016-05-07,6422
2016-05-08,6428
2016-05-09,6334
2016-05-10,6400
2016-05-11,6506
2016-05-12,6412
2016-05-13,6433
2016-05-14,6419
2016-05-15,6330
2016-05-16,6391
2016-05-17,6417
2016-05-18,6453
2016-05-19,6474
2016-05-20,6470
2016-05-21,6506
2016-05-22,6407
2016-05-23,6443
2016-05-24,6529
2016-05-25,6545
2016-05-26,6561
2016-05-27,6492
2016-05-28,6463
2016-05-29,6494
2016-05-30,6475
2016-05-31,6591
2016-06-01,6582
2016-06-02,6538
2016-06-03,6599
2016-06-04,6555
2016-06-05,6656
2016-06-06,6607
2016-06-07,6653
2016-06-08,6569
2016-06-09,6535
2016-06-10,6616
2016-06-11,6547
2016-06-12,6578
2016-06-13,6614
2016-06-14,6595
2016-06-15,6616
2016-06-16,6612
2016-06-17,6628
2016-06-18,6639
2016-06-19,6670
2016-06-20,6576
2016-06-21,6722
2016-06-22,6693
2016-06-23,6709
2016-06-24,6640
2016-06-25,6716
2016-06-26,6652
2016-06-27,6728
2016-06-28,6729
2016-06-29,6635
2016-06-30,6691
2016-07-01,6672
2016-07-02,6733
2016-07-03,6689
2016-07-04,6755
2016-07-05,6816
2016-07-06,6822
2016-07-07,6788
2016-07-08,6739
2016-07-09,6765
2016-07-10,6796
2016-07-11,6877
2016-07-12,6843
2016-07-13,6794
2016-07-14,6770
2016-07-15,6851
2016-07-16,6807
2016-07-17,6833
2016-07-18,6894
2016-07-19,6845
2016-07-20,6801
2016-07-21,6952
2016-07-22,6883
2016-07-23,6774
2016-07-24,6785
2016-07-25,6821
2016-07-26,6887
2016-07-27,6923
2016-07-28,6884
2016-07-29,6805
2016-07-30,6866
2016-07-31,6852
2016-08-01,6913
2016-08-02,7024
2016-08-03,6885
2016-08-04,6951
2016-08-05,6972
2016-08-06,6908
2016-08-07,6854
2016-08-08,6965
2016-08-09,6981
2016-08-10,6977
2016-08-11,7068
2016-08-12,6989
2016-08-13,7020
2016-08-14,6986
2016-08-15,7047
2016-08-16,6988
2016-08-17,7014
2016-08-18,7115
2016-08-19,7031
2016-08-20,6992
2016-08-21,7008
2016-08-22,7024
2016-08-23,7105
2016-08-24,7076
2016-08-25,7037
2016-08-26,6918
2016-08-27,6999
2016-08-28,6940
2016-08-29,7091
2016-08-30,7097
2016-08-31,7083
2016-09-01,7054
2016-09-02,7115
2016-09-03,7101
2016-09-04,7022
2016-09-05,7078
2016-09-06,7169
2016-09-07,7130
2016-09-08,7066
2016-09-09,7112
2016-09-10,7063
2016-09-11,7059
2016-09-12,7130
2016-09-13,7091
2016-09-14,7177
2016-09-15,7143
2016-09-16,7079
2016-09-17,7055
2016-09-18,7136
2016-09-19,7167
2016-09-20,7218
2016-09-21,7229
2016-09-22,7080
2016-09-23,7171
2016-09-24,7187
2016-09-25,7083
2016-09-26,7084
2016-09-27,7160
2016-09-28,7171
2016-09-29,7117
2016-09-30,7093
2016-10-01,7074
2016-10-02,7120
2016-10-03,7131
2016-10-04,7207
2016-10-05,7138
2016-10-06,7054
2016-10-07,7150
2016-10-08,7036
2016-10-09,7097
2016-10-10,7143
2016-10-11,7244
2016-10-12,7180
2016-10-13,7196
2016-10-14,7177
2016-10-15,7083
2016-10-16,7159
2016-10-17,7100
2016-10-18,7156
2016-10-19,7052
2016-10-20,7203
2016-10-21,7184
2016-10-22,7055
2016-10-23,7171
2016-10-24,7172
2016-10-25,7103
2016-10-26,7249
2016-10-27,7125
2016-10-28,7116
2016-10-29,7087
2016-10-30,7133
2016-10-31,7059
2016-11-01,7155
2016-11-02,7221
2016-11-03,7197
2016-11-04,7118
2016-11-05,7169
2016-11-06,7120
2016-11-07,7146
2016-11-08,7192
2016-11-09,7138
2016-11-10,7189
2016-11-11,7160
2016-11-12,7016
2016-11-13,6977
2016-11-14,6958
2016-11-15,7214
2016-11-16,7085
2016-11-17,7106
2016-11-18,7092
2016-11-19,6978
2016-11-20,6979
2016-11-21,7090
2016-11-22,6976
2016-11-23,7122
2016-11-24,7068
2016-11-25,7044
2016-11-26,7070
2016-11-27,7036
2016-11-28,7022
2016-11-29,7043
2016-11-30,7069
2016-12-01,7030
2016-12-02,6956
2016-12-03,7027
2016-12-04,6958
2016-12-05,7009
2016-12-06,7055
2016-12-07,6991
2016-12-08,6962
2016-12-09,6943
2016-12-10,6904
2016-12-11,7005
2016-12-12,6991
2016-12-13,7112
2016-12-14,7048
2016-12-15,6924
2016-12-16,6915
2016-12-17,6961
2016-12-18,6962
2016-12-19,6973
2016-12-20,6949
2016-12-21,6965
2016-12-22,7011
2016-12-23,6917
2016-12-24,6993
2016-12-25,6904
2016-12-26,6950
2016-12-27,6951
2016-12-28,7022
2016-12-29,6943
2016-12-30,6854
2016-12-31,6775
2017-01-01,6846
2017-01-02,6862
2017-01-03,7018
2017-01-04,6954
2017-01-05,6905
2017-01-06,6856
2017-01-07,6922
2017-01-08,6968
2017-01-09,7014
2017-01-10,6855
2017-01-11,6916
2017-01-12,6862
2017-01-13,6848
2017-01-14,6889
2017-01-15,6905
2017-01-16,6921
2017-01-17,6827
2017-01-18,6838
2017-01-19,6829
2017-01-20,6860
2017-01-21,6811
2017-01-22,6827
2017-01-23,6773
2017-01-24,6859
2017-01-25,6840
2017-01-26,6826
2017-01-27,6882
2017-01-28,6793
2017-01-29,6744
2017-01-30,6820
2017-01-31,6861
2017-02-01,6777
2017-02-02,6863
2017-02-03,6699
2017-02-04,6770
2017-02-05,6776
2017-02-06,6797
2017-02-07,6788
2017-02-08,6749
2017-02-09,6675
2017-02-10,6776
2017-02-11,6757
2017-02-12,6683
2017-02-13,6759
2017-02-14,6780
2017-02-15,6766
2017-02-16,6732
2017-02-17,6713
2017-02-18,6704
2017-02-19,6695
2017-02-20,6711
2017-02-21,6742
2017-02-22,6703
2017-02-23,6729
2017-02-24,6705
2017-02-25,6631
2017-02-26,6762
2017-02-27,6723
2017-02-28,6689
2017-03-01,6775
2017-03-02,6736
2017-03-03,6542
2017-03-04,6808
2017-03-05,6674
2017-03-06,6730
2017-03-07,6676
2017-03-08,6787
2017-03-09,6648
2017-03-10,6739
2017-03-11,6665
2017-03-12,6726
2017-03-13,6692
2017-03-14,6648
2017-03-15,6644
2017-03-16,6750
2017-03-17,6731
2017-03-18,6642
2017-03-19,6628
2017-03-20,6669
2017-03-21,6680
2017-03-22,6716
2017-03-23,6692
2017-03-24,6633
2017-03-25,6554
2017-03-26,6655
2017-03-27,6651
2017-03-28,6657
2017-03-29,6643
2017-03-30,6719
2017-03-31,6640
2017-04-01,6676
2017-04-02,6647
2017-04-03,6733
2017-04-04,6664
2017-04-05,6750
2017-04-06,6706
2017-04-07,6747
2017-04-08,6653
2017-04-09,6609
2017-04-10,6735
2017-04-11,6731
2017-04-12,6652
2017-04-13,6688
2017-04-14,6684
2017-04-15,6630
2017-04-16,6681
2017-04-17,6732
2017-04-18,6713
2017-04-19,6804
2017-04-20,6745
2017-04-21,6696
2017-04-22,6662
2017-04-23,6678
2017-04-24,6749
2017-04-25,6830
2017-04-26,6781
2017-04-27,6717
2017-04-28,6743
2017-04-29,6764
2017-04-30,6620
2017-05-01,6731
2017-05-02,6812
2017-05-03,6888
2017-05-04,6759
2017-05-05,6735
2017-05-06,6771
2017-05-07,6752
2017-05-08,6788
2017-05-09,6799
2017-05-10,6805
2017-05-11,6821
2017-05-12,6667
2017-05-13,6818
2017-05-14,6834
2017-05-15,6730
2017-05-16,6851
2017-05-17,6972
2017-05-18,6813
2017-05-19,6889
2017-05-20,6870
2017-05-21,6836
2017-05-22,6927
2017-05-23,6968
2017-05-24,6879
2017-05-25,6865
2017-05-26,6866
2017-05-27,6892
2017-05-28,6928
2017-05-29,6919
2017-05-30,6925
2017-05-31,6896
2017-06-01,6952
2017-06-02,6938
2017-06-03,6799
2017-06-04,6940
2017-06-05,6961
2017-06-06,6932
2017-06-07,6988
2017-06-08,6899
2017-06-09,6900
2017-06-10,6886
2017-06-11,6957
2017-06-12,6983
2017-06-13,7034
2017-06-14,7105
2017-06-15,7041
2017-06-16,7032
2017-06-17,7048
2017-06-18,7054
2017-06-19,7045
2017-06-20,7026
2017-06-21,7092
2017-06-22,7038
2017-06-23,7069
2017-06-24,7020
2017-06-25,7016
2017-06-26,7107
2017-06-27,7183
2017-06-28,7174
2017-06-29,7080
2017-06-30,7081
2017-07-01,7062
2017-07-02,7078
2017-07-03,7174
2017-07-04,7175
2017-07-05,7066
2017-07-06,7152
2017-07-07,7158
2017-07-08,7114
2017-07-09,7160
2017-07-10,7151
2017-07-11,7182
2017-07-12,7258
2017-07-13,7219
2017-07-14,7205
2017-07-15,7141
2017-07-16,7252
2017-07-17,7233
2017-07-18,7154
2017-07-19,7250
2017-07-20,7086
2017-07-21,7292
2017-07-22,7243
2017-07-23,7244
2017-07-24,7315
2017-07-25,7196
2017-07-26,7342
2017-07-27,7193
2017-07-28,7264
2017-07-29,7300
2017-07-30,7321
2017-07-31,7337
2017-08-01,7263
2017-08-02,7354
2017-08-03,7350
2017-08-04,7231
2017-08-05,7272
2017-08-06,7313
2017-08-07,7244
2017-08-08,7350
2017-08-09,7461
2017-08-10,7412
2017-08-11,7288
2017-08-12,7374
2017-08-13,7320
2017-08-14,7431
2017-08-15,7462
2017-08-16,7403
2017-08-17,7389
2017-08-18,7390
2017-08-19,7386
2017-08-20,7402
2017-08-21,7458
2017-08-22,7414
2017-08-23,7465
2017-08-24,7451
2017-08-25,7487
2017-08-26,7528
2017-08-27,7359
2017-08-28,7490
2017-08-29,7521
2017-08-30,7472
2017-08-31,7518
2017-09-01,7474
2017-09-02,7430
2017-09-03,7446
2017-09-04,7462
2017-09-05,7473
2017-09-06,7444
2017-09-07,7500
2017-09-08,7536
2017-09-09,7507
2017-09-10,7528
2017-09-11,7549
2017-09-12,7605
2017-09-13,7556
2017-09-14,7537
2017-09-15,7543
2017-09-16,7494
2017-09-17,7530
2017-09-18,7506
2017-09-19,7647
2017-09-20,7633
2017-09-21,7554
2017-09-22,7405
2017-09-23,7566
2017-09-24,7502
2017-09-25,7543
2017-09-26,7574
2017-09-27,7575
2017-09-28,7476
2017-09-29,7567
2017-09-30,7538
2017-10-01,7554
2017-10-02,7550
2017-10-03,7631
2017-10-04,7577
2017-10-05,7598
2017-10-06,7569
2017-10-07,7635
2017-10-08,7481
2017-10-09,7547
2017-10-10,7588
2017-10-11,7609
2017-10-12,7550
2017-10-13,7586
2017-10-14,7507
2017-10-15,7648
2017-10-16,7549
2017-10-17,7580
2017-10-18,7596
2017-10-19,7622
2017-10-20,7498
2017-10-21,7439
2017-10-22,7590
2017-10-23,7511
2017-10-24,7527
2017-10-25,7588
2017-10-26,7544
2017-10-27,7605
2017-10-28,7461
2017-10-29,7447
2017-10-30,7518
2017-10-31,7519
2017-11-01,7550
2017-11-02,7481
2017-11-03,7532
2017-11-04,7503
2017-11-05,7514
2017-11-06,7605
2017-11-07,7491
2017-11-08,7527
2017-11-09,7573
2017-11-10,7394
2017-11-11,7430
2017-11-12,7576
2017-11-13,7492
2017-11-14,7543
2017-11-15,7589
2017-11-16,7410
2017-11-17,7511
2017-11-18,7422
2017-11-19,7453
2017-11-20,7559
2017-11-21,7445
2017-11-22,7441
2017-11-23,7472
2017-11-24,7483
2017-11-25,7459
2017-11-26,7515
2017-11-27,7456
2017-11-28,7492
2017-11-29,7468
2017-11-30,7444
2017-12-01,7300
2017-12-02,7466
2017-12-03,7382
2017-12-04,7393
2017-12-05,7454
2017-12-06,7460
2017-12-07,7431
2017-12-08,7457
2017-12-09,7363
2017-12-10,7419
2017-12-11,7380
2017-12-12,7471
2017-12-13,7517
2017-12-14,7458
2017-12-15,7314
2017-12-16,7395
2017-12-17,7361
2017-12-18,7427
2017-12-19,7368
2017-12-20,7459
2017-12-21,7395
2017-12-22,7266
2017-12-23,7457
2017-12-24,7333
2017-12-25,7319
2017-12-26,7355
2017-12-27,7246
2017-12-28,7352
2017-12-29,7253
2017-12-30,7214
